checkpoint	checkpoint_step	task	eval_split	method	train_sample_count	eval_sample_count	accuracy	macro_f1	balanced_accuracy	note
step_00001000	1000	full_region_annotation_probe	val	model_embedding_nearest_centroid	224	224	0.21428571	0.17415779	0.21428571	lightweight sampled region probe; not a substitute for splice/promoter/TES formal benchmarks
step_00001000	1000	full_region_annotation_probe	val	model_region_head_argmax	224	224	0.15178571	0.07770457	0.15178571	lightweight sampled region probe; not a substitute for splice/promoter/TES formal benchmarks
step_00001000	1000	full_region_annotation_probe	val	one_mer_nearest_centroid	224	224	0.18750000	0.15421042	0.18750000	lightweight sampled region probe; not a substitute for splice/promoter/TES formal benchmarks
step_00002000	2000	full_region_annotation_probe	val	model_embedding_nearest_centroid	224	224	0.25892857	0.20530071	0.25892857	lightweight sampled region probe; not a substitute for splice/promoter/TES formal benchmarks
step_00002000	2000	full_region_annotation_probe	val	model_region_head_argmax	224	224	0.22321429	0.16455849	0.22321429	lightweight sampled region probe; not a substitute for splice/promoter/TES formal benchmarks
step_00002000	2000	full_region_annotation_probe	val	one_mer_nearest_centroid	224	224	0.18750000	0.15421042	0.18750000	lightweight sampled region probe; not a substitute for splice/promoter/TES formal benchmarks
step_00003000	3000	full_region_annotation_probe	val	model_embedding_nearest_centroid	224	224	0.26785714	0.21948814	0.26785714	lightweight sampled region probe; not a substitute for splice/promoter/TES formal benchmarks
step_00003000	3000	full_region_annotation_probe	val	model_region_head_argmax	224	224	0.24107143	0.18528397	0.24107143	lightweight sampled region probe; not a substitute for splice/promoter/TES formal benchmarks
step_00003000	3000	full_region_annotation_probe	val	one_mer_nearest_centroid	224	224	0.18750000	0.15421042	0.18750000	lightweight sampled region probe; not a substitute for splice/promoter/TES formal benchmarks
step_00004000	4000	full_region_annotation_probe	val	model_embedding_nearest_centroid	224	224	0.28125000	0.23152187	0.28125000	lightweight sampled region probe; not a substitute for splice/promoter/TES formal benchmarks
step_00004000	4000	full_region_annotation_probe	val	model_region_head_argmax	224	224	0.21875000	0.15940175	0.21875000	lightweight sampled region probe; not a substitute for splice/promoter/TES formal benchmarks
step_00004000	4000	full_region_annotation_probe	val	one_mer_nearest_centroid	224	224	0.18750000	0.15421042	0.18750000	lightweight sampled region probe; not a substitute for splice/promoter/TES formal benchmarks
step_00005000	5000	full_region_annotation_probe	val	model_embedding_nearest_centroid	224	224	0.29910714	0.26185425	0.29910714	lightweight sampled region probe; not a substitute for splice/promoter/TES formal benchmarks
step_00005000	5000	full_region_annotation_probe	val	model_region_head_argmax	224	224	0.22767857	0.15875205	0.22767857	lightweight sampled region probe; not a substitute for splice/promoter/TES formal benchmarks
step_00005000	5000	full_region_annotation_probe	val	one_mer_nearest_centroid	224	224	0.18750000	0.15421042	0.18750000	lightweight sampled region probe; not a substitute for splice/promoter/TES formal benchmarks
step_00006000	6000	full_region_annotation_probe	val	model_embedding_nearest_centroid	224	224	0.28125000	0.23162549	0.28125000	lightweight sampled region probe; not a substitute for splice/promoter/TES formal benchmarks
step_00006000	6000	full_region_annotation_probe	val	model_region_head_argmax	224	224	0.26785714	0.21905210	0.26785714	lightweight sampled region probe; not a substitute for splice/promoter/TES formal benchmarks
step_00006000	6000	full_region_annotation_probe	val	one_mer_nearest_centroid	224	224	0.18750000	0.15421042	0.18750000	lightweight sampled region probe; not a substitute for splice/promoter/TES formal benchmarks
step_00007000	7000	full_region_annotation_probe	val	model_embedding_nearest_centroid	224	224	0.29910714	0.26048011	0.29910714	lightweight sampled region probe; not a substitute for splice/promoter/TES formal benchmarks
step_00007000	7000	full_region_annotation_probe	val	model_region_head_argmax	224	224	0.24553571	0.15880778	0.24553571	lightweight sampled region probe; not a substitute for splice/promoter/TES formal benchmarks
step_00007000	7000	full_region_annotation_probe	val	one_mer_nearest_centroid	224	224	0.18750000	0.15421042	0.18750000	lightweight sampled region probe; not a substitute for splice/promoter/TES formal benchmarks
step_00008000	8000	full_region_annotation_probe	val	model_embedding_nearest_centroid	224	224	0.28571429	0.23766440	0.28571429	lightweight sampled region probe; not a substitute for splice/promoter/TES formal benchmarks
step_00008000	8000	full_region_annotation_probe	val	model_region_head_argmax	224	224	0.22767857	0.15113587	0.22767857	lightweight sampled region probe; not a substitute for splice/promoter/TES formal benchmarks
step_00008000	8000	full_region_annotation_probe	val	one_mer_nearest_centroid	224	224	0.18750000	0.15421042	0.18750000	lightweight sampled region probe; not a substitute for splice/promoter/TES formal benchmarks
step_00009000	9000	full_region_annotation_probe	val	model_embedding_nearest_centroid	224	224	0.32142857	0.26360874	0.32142857	lightweight sampled region probe; not a substitute for splice/promoter/TES formal benchmarks
step_00009000	9000	full_region_annotation_probe	val	model_region_head_argmax	224	224	0.31250000	0.25369350	0.31250000	lightweight sampled region probe; not a substitute for splice/promoter/TES formal benchmarks
step_00009000	9000	full_region_annotation_probe	val	one_mer_nearest_centroid	224	224	0.18750000	0.15421042	0.18750000	lightweight sampled region probe; not a substitute for splice/promoter/TES formal benchmarks
step_00010000	10000	full_region_annotation_probe	val	model_embedding_nearest_centroid	224	224	0.28125000	0.22876244	0.28125000	lightweight sampled region probe; not a substitute for splice/promoter/TES formal benchmarks
step_00010000	10000	full_region_annotation_probe	val	model_region_head_argmax	224	224	0.26785714	0.19145065	0.26785714	lightweight sampled region probe; not a substitute for splice/promoter/TES formal benchmarks
step_00010000	10000	full_region_annotation_probe	val	one_mer_nearest_centroid	224	224	0.18750000	0.15421042	0.18750000	lightweight sampled region probe; not a substitute for splice/promoter/TES formal benchmarks
step_00011000	11000	full_region_annotation_probe	val	model_embedding_nearest_centroid	112	112	0.25000000	0.22972028	0.25000000	lightweight sampled region probe; not a substitute for splice/promoter/TES formal benchmarks
step_00011000	11000	full_region_annotation_probe	val	model_region_head_argmax	112	112	0.18750000	0.14781762	0.18750000	lightweight sampled region probe; not a substitute for splice/promoter/TES formal benchmarks
step_00011000	11000	full_region_annotation_probe	val	one_mer_nearest_centroid	112	112	0.18750000	0.15918062	0.18750000	lightweight sampled region probe; not a substitute for splice/promoter/TES formal benchmarks
step_00012000	12000	full_region_annotation_probe	val	model_embedding_nearest_centroid	112	112	0.26785714	0.25433175	0.26785714	lightweight sampled region probe; not a substitute for splice/promoter/TES formal benchmarks
step_00012000	12000	full_region_annotation_probe	val	model_region_head_argmax	112	112	0.16964286	0.10682716	0.16964286	lightweight sampled region probe; not a substitute for splice/promoter/TES formal benchmarks
step_00012000	12000	full_region_annotation_probe	val	one_mer_nearest_centroid	112	112	0.18750000	0.15918062	0.18750000	lightweight sampled region probe; not a substitute for splice/promoter/TES formal benchmarks
step_00013000	13000	full_region_annotation_probe	val	model_embedding_nearest_centroid	112	112	0.25000000	0.23219957	0.25000000	lightweight sampled region probe; not a substitute for splice/promoter/TES formal benchmarks
step_00013000	13000	full_region_annotation_probe	val	model_region_head_argmax	112	112	0.23214286	0.20177766	0.23214286	lightweight sampled region probe; not a substitute for splice/promoter/TES formal benchmarks
step_00013000	13000	full_region_annotation_probe	val	one_mer_nearest_centroid	112	112	0.18750000	0.15918062	0.18750000	lightweight sampled region probe; not a substitute for splice/promoter/TES formal benchmarks
step_00014000	14000	full_region_annotation_probe	val	model_embedding_nearest_centroid	112	112	0.26785714	0.24099709	0.26785714	lightweight sampled region probe; not a substitute for splice/promoter/TES formal benchmarks
step_00014000	14000	full_region_annotation_probe	val	model_region_head_argmax	112	112	0.26785714	0.21759259	0.26785714	lightweight sampled region probe; not a substitute for splice/promoter/TES formal benchmarks
step_00014000	14000	full_region_annotation_probe	val	one_mer_nearest_centroid	112	112	0.18750000	0.15918062	0.18750000	lightweight sampled region probe; not a substitute for splice/promoter/TES formal benchmarks
step_00015000	15000	full_region_annotation_probe	val	model_embedding_nearest_centroid	112	112	0.26785714	0.25698775	0.26785714	lightweight sampled region probe; not a substitute for splice/promoter/TES formal benchmarks
step_00015000	15000	full_region_annotation_probe	val	model_region_head_argmax	112	112	0.20535714	0.13177271	0.20535714	lightweight sampled region probe; not a substitute for splice/promoter/TES formal benchmarks
step_00015000	15000	full_region_annotation_probe	val	one_mer_nearest_centroid	112	112	0.18750000	0.15918062	0.18750000	lightweight sampled region probe; not a substitute for splice/promoter/TES formal benchmarks
step_00016000	16000	full_region_annotation_probe	val	model_embedding_nearest_centroid	112	112	0.25892857	0.23930754	0.25892857	lightweight sampled region probe; not a substitute for splice/promoter/TES formal benchmarks
step_00016000	16000	full_region_annotation_probe	val	model_region_head_argmax	112	112	0.25000000	0.21221209	0.25000000	lightweight sampled region probe; not a substitute for splice/promoter/TES formal benchmarks
step_00016000	16000	full_region_annotation_probe	val	one_mer_nearest_centroid	112	112	0.18750000	0.15918062	0.18750000	lightweight sampled region probe; not a substitute for splice/promoter/TES formal benchmarks
step_00017000	17000	full_region_annotation_probe	val	model_embedding_nearest_centroid	112	112	0.30357143	0.30295998	0.30357143	lightweight sampled region probe; not a substitute for splice/promoter/TES formal benchmarks
step_00017000	17000	full_region_annotation_probe	val	model_region_head_argmax	112	112	0.34821429	0.32130998	0.34821429	lightweight sampled region probe; not a substitute for splice/promoter/TES formal benchmarks
step_00017000	17000	full_region_annotation_probe	val	one_mer_nearest_centroid	112	112	0.18750000	0.15918062	0.18750000	lightweight sampled region probe; not a substitute for splice/promoter/TES formal benchmarks
