record_type	step	loss	mlm_loss	rc_loss	learning_rate	log_mtime
train	10	1.64103654453	1.63057126318	0.348843612841	2e-07	2026-06-22 12:19:37
train	20	1.49596246651	1.48691904545	0.301447561809	4e-07	2026-06-22 12:19:37
train	30	1.38604651179	1.37926169804	0.226159853595	6e-07	2026-06-22 12:19:37
train	40	1.30655998843	1.303037967	0.117401103888	8e-07	2026-06-22 12:19:37
train	50	1.2909947804	1.28986053807	0.037807436926	1e-06	2026-06-22 12:19:37
train	60	1.27697273663	1.27624046803	0.0244091578892	1.2e-06	2026-06-22 12:19:37
train	70	1.27448187556	1.27387911933	0.020091897675	1.4e-06	2026-06-22 12:19:37
train	80	1.26901599339	1.26851410525	0.0167299769819	1.6e-06	2026-06-22 12:19:37
train	90	1.26502299309	1.26452490262	0.0166023820639	1.8e-06	2026-06-22 12:19:37
train	100	1.26386780398	1.26340024812	0.0155849741506	2e-06	2026-06-22 12:19:37
train	110	1.26537656784	1.26492481572	0.0150582992605	2.2e-06	2026-06-22 12:19:37
train	120	1.26149582863	1.26105383464	0.0147332141974	2.4e-06	2026-06-22 12:19:37
train	130	1.26387768132	1.26343836103	0.014643714231	2.6e-06	2026-06-22 12:19:37
train	140	1.27159586975	1.27116484301	0.0143679207457	2.8e-06	2026-06-22 12:19:37
train	150	1.26516575473	1.26474687031	0.0139629786302	3e-06	2026-06-22 12:19:37
train	160	1.25176010813	1.25135535853	0.0134917243517	3.2e-06	2026-06-22 12:19:37
train	170	1.2574322394	1.25703559603	0.0132212815806	3.4e-06	2026-06-22 12:19:37
train	180	1.25697764329	1.25660102708	0.0125539797757	3.6e-06	2026-06-22 12:19:37
train	190	1.25900956563	1.25863446508	0.0125032933429	3.8e-06	2026-06-22 12:19:37
train	200	1.26794261592	1.26757688182	0.0121917285557	4e-06	2026-06-22 12:19:37
train	210	1.25364278044	1.25329467228	0.0116036172424	4.2e-06	2026-06-22 12:19:37
train	220	1.25930891718	1.25896014486	0.0116264849369	4.4e-06	2026-06-22 12:19:37
train	230	1.25283944607	1.25250438281	0.0111693298178	4.6e-06	2026-06-22 12:19:37
train	240	1.25223403318	1.25190341473	0.0110214236858	4.8e-06	2026-06-22 12:19:37
train	250	1.2559401989	1.25562928404	0.0103639100811	5e-06	2026-06-22 12:19:37
train	260	1.25080381121	1.25050219468	0.0100536946473	5.2e-06	2026-06-22 12:19:37
train	270	1.25526038238	1.25495491709	0.0101814568043	5.4e-06	2026-06-22 12:19:37
train	280	1.2654453516	1.26514383725	0.0100504994126	5.6e-06	2026-06-22 12:19:37
train	290	1.25337893622	1.2530865499	0.00974606270237	5.8e-06	2026-06-22 12:19:37
train	300	1.25079296316	1.25051268509	0.00934292695352	6e-06	2026-06-22 12:19:37
train	310	1.25318367141	1.2529058797	0.00925966312311	6.2e-06	2026-06-22 12:19:37
train	320	1.25941227164	1.25914335251	0.00896361350481	6.4e-06	2026-06-22 12:19:37
train	330	1.2516625779	1.25140370641	0.00862997544131	6.6e-06	2026-06-22 12:19:37
train	340	1.26262744835	1.26237208503	0.00851138548127	6.8e-06	2026-06-22 12:19:37
train	350	1.24945202896	1.24919833456	0.00845645594278	7e-06	2026-06-22 12:19:37
train	360	1.25365660872	1.25340569019	0.00836384150067	7.2e-06	2026-06-22 12:19:37
train	370	1.25266483852	1.2524226393	0.00807344753827	7.4e-06	2026-06-22 12:19:37
train	380	1.25208740575	1.25185011114	0.00791012050052	7.6e-06	2026-06-22 12:19:37
train	390	1.25071690764	1.25048087324	0.00786772130855	7.8e-06	2026-06-22 12:19:37
train	400	1.26045840127	1.26023486682	0.00745183681803	8e-06	2026-06-22 12:19:37
train	410	1.24913736752	1.24891497408	0.00741260651765	8.2e-06	2026-06-22 12:19:37
train	420	1.25761190483	1.25739872456	0.00710561711873	8.4e-06	2026-06-22 12:19:37
train	430	1.25083879062	1.25062303884	0.00719150907493	8.6e-06	2026-06-22 12:19:37
train	440	1.25085585458	1.2506541184	0.00672426487186	8.8e-06	2026-06-22 12:19:37
train	450	1.25438109466	1.25417591844	0.00683870605592	9e-06	2026-06-22 12:19:37
train	460	1.24967007978	1.24946815627	0.00673088391445	9.2e-06	2026-06-22 12:19:37
train	470	1.2586471183	1.25845042297	0.00655635699098	9.4e-06	2026-06-22 12:19:37
train	480	1.25133686406	1.25115663665	0.00600662401744	9.6e-06	2026-06-22 12:19:37
train	490	1.25420660632	1.25401910714	0.00625057624919	9.8e-06	2026-06-22 12:19:37
train	500	1.25530508586	1.25512272971	0.00607866261687	1e-05	2026-06-22 12:19:37
train	510	1.24917980603	1.24900116239	0.00595427124894	1.02e-05	2026-06-22 12:19:37
train	520	1.25578752586	1.25560007777	0.00624799675175	1.04e-05	2026-06-22 12:19:37
train	530	1.25303987094	1.25286102295	0.00596172162997	1.06e-05	2026-06-22 12:19:37
train	540	1.24520163877	1.24502757617	0.0058028335417	1.08e-05	2026-06-22 12:19:37
train	550	1.25227221421	1.25210802896	0.00547317954312	1.1e-05	2026-06-22 12:19:37
train	560	1.26130957263	1.26114063604	0.00563111202791	1.12e-05	2026-06-22 12:19:37
train	570	1.25257294519	1.25240584782	0.00557008006477	1.14e-05	2026-06-22 12:19:37
train	580	1.25517938818	1.25501356806	0.00552733189293	1.16e-05	2026-06-22 12:19:37
train	590	1.25438855376	1.25422317641	0.00551310407796	1.18e-05	2026-06-22 12:19:37
train	600	1.25276311806	1.25260731152	0.00519345434649	1.2e-05	2026-06-22 12:19:37
train	610	1.2501702479	1.25001699584	0.00510853901505	1.22e-05	2026-06-22 12:19:37
train	620	1.24441819532	1.24427209582	0.00486980165754	1.24e-05	2026-06-22 12:19:37
train	630	1.26022076607	1.26007710184	0.00478824527402	1.26e-05	2026-06-22 12:19:37
train	640	1.24429035187	1.2441507067	0.00465515016445	1.28e-05	2026-06-22 12:19:37
train	650	1.24614959104	1.24600711891	0.00474874256179	1.3e-05	2026-06-22 12:19:37
train	660	1.24804954869	1.24790847301	0.00470242349963	1.32e-05	2026-06-22 12:19:37
train	670	1.25616574287	1.25603006567	0.0045236817428	1.34e-05	2026-06-22 12:19:37
train	680	1.25149142742	1.25135658469	0.00449422933161	1.36e-05	2026-06-22 12:19:37
train	690	1.25740492344	1.25727733544	0.0042525580419	1.38e-05	2026-06-22 12:19:37
train	700	1.24896614892	1.24884240968	0.00412528356537	1.4e-05	2026-06-22 12:19:37
train	710	1.25719063623	1.25706330367	0.00424410868436	1.42e-05	2026-06-22 12:19:37
train	720	1.25549193791	1.25536942482	0.00408393204478	1.44e-05	2026-06-22 12:19:37
train	730	1.25873303413	1.25860733645	0.00419004860201	1.46e-05	2026-06-22 12:19:37
train	740	1.25105350358	1.25093693393	0.00388506577084	1.48e-05	2026-06-22 12:19:37
train	750	1.2502718653	1.25015328612	0.00395218213089	1.5e-05	2026-06-22 12:19:37
train	760	1.25413552352	1.2540222747	0.00377487960005	1.52e-05	2026-06-22 12:19:37
train	770	1.24769500324	1.24758001736	0.00383344109702	1.54e-05	2026-06-22 12:19:37
train	780	1.2426246064	1.24251697745	0.00358737576088	1.56e-05	2026-06-22 12:19:37
train	790	1.25001282351	1.24990732329	0.00351680562432	1.58e-05	2026-06-22 12:19:37
train	800	1.25320959091	1.25310174056	0.0035942847774	1.6e-05	2026-06-22 12:19:37
train	810	1.25324312278	1.25314119884	0.00339726997273	1.62e-05	2026-06-22 12:19:37
train	820	1.24568189893	1.24558004311	0.00339432147198	1.64e-05	2026-06-22 12:19:37
train	830	1.24930793898	1.24920420987	0.0034578146546	1.66e-05	2026-06-22 12:19:37
train	840	1.25140087945	1.25129359109	0.00357646441885	1.68e-05	2026-06-22 12:19:37
train	850	1.24641839096	1.24631931101	0.00330305881133	1.7e-05	2026-06-22 12:19:37
train	860	1.23886467729	1.23875979015	0.00349592091516	1.72e-05	2026-06-22 12:19:37
train	870	1.24612840584	1.24602804865	0.00334518838541	1.74e-05	2026-06-22 12:19:37
train	880	1.24316837106	1.24306969983	0.00328898549612	1.76e-05	2026-06-22 12:19:37
train	890	1.24981956823	1.24972166334	0.00326346981871	1.78e-05	2026-06-22 12:19:37
train	900	1.24315937928	1.24306172984	0.00325499581439	1.8e-05	2026-06-22 12:19:37
train	910	1.2543336153	1.25423582963	0.00325920273151	1.82e-05	2026-06-22 12:19:37
train	920	1.25275857108	1.25266264166	0.00319772792448	1.84e-05	2026-06-22 12:19:37
train	930	1.25523199354	1.25513790335	0.00313628524808	1.86e-05	2026-06-22 12:19:37
train	940	1.24783710071	1.24774280616	0.00314321541893	1.88e-05	2026-06-22 12:19:37
train	950	1.24984461921	1.24974695274	0.00325435094003	1.9e-05	2026-06-22 12:19:37
train	960	1.24868232863	1.24859494822	0.00291292625479	1.92e-05	2026-06-22 12:19:37
train	970	1.25002127034	1.24993278299	0.00294968788512	1.94e-05	2026-06-22 12:19:37
train	980	1.25270685128	1.25261425972	0.00308705553679	1.96e-05	2026-06-22 12:19:37
train	990	1.2493240663	1.2492356641	0.00294715122852	1.98e-05	2026-06-22 12:19:37
train	1000	1.24344067914	1.24334757669	0.00310374936089	2e-05	2026-06-22 12:19:37
validation	1000	1.24484632164	1.24480623193	0.00133617883148		2026-06-22 12:19:37
train	1010	1.24540300029	1.24531418937	0.00295971287414	2.02e-05	2026-06-22 12:19:37
train	1020	1.24556742396	1.24547949859	0.0029305072967	2.04e-05	2026-06-22 12:19:37
train	1030	1.24572866304	1.24564077173	0.0029296612234	2.06e-05	2026-06-22 12:19:37
train	1040	1.24227762222	1.24219034399	0.00290970324672	2.08e-05	2026-06-22 12:19:37
train	1050	1.25628387928	1.25619280338	0.00303559311266	2.1e-05	2026-06-22 12:19:37
train	1060	1.25115420137	1.25106579917	0.00294660128254	2.12e-05	2026-06-22 12:19:37
train	1070	1.24630168506	1.24621457713	0.00290354497598	2.14e-05	2026-06-22 12:19:37
train	1080	1.24556234905	1.24547224385	0.00300252869991	2.16e-05	2026-06-22 12:19:37
train	1090	1.25236601489	1.25227071558	0.0031765147578	2.18e-05	2026-06-22 12:19:37
train	1100	1.24142890317	1.24134080751	0.00293642621753	2.2e-05	2026-06-22 12:19:37
train	1110	1.25207577433	1.25198449407	0.00304289232008	2.22e-05	2026-06-22 12:19:37
train	1120	1.25334441662	1.25325100763	0.0031138213817	2.24e-05	2026-06-22 12:19:37
train	1130	1.23608100414	1.23599089895	0.00300383428112	2.26e-05	2026-06-22 12:19:37
train	1140	1.24812136378	1.2480265413	0.0031601492249	2.28e-05	2026-06-22 12:19:37
train	1150	1.25298716341	1.2528954574	0.00305759920073	2.3e-05	2026-06-22 12:19:37
train	1160	1.2469587326	1.24686694145	0.00305961195513	2.32e-05	2026-06-22 12:19:37
train	1170	1.24804907186	1.2479564803	0.00308669814175	2.34e-05	2026-06-22 12:19:37
train	1180	1.2512051378	1.2511190176	0.00287086453422	2.36e-05	2026-06-22 12:19:37
train	1190	1.24464016301	1.24454113415	0.00330104389494	2.38e-05	2026-06-22 12:19:37
train	1200	1.24720474652	1.24710042136	0.00347749180427	2.4e-05	2026-06-22 12:19:37
train	1210	1.24265583924	1.2425646271	0.00304013088212	2.42e-05	2026-06-22 12:19:37
train	1220	1.24946039064	1.24936401844	0.00321178075059	2.44e-05	2026-06-22 12:19:37
train	1230	1.2568899904	1.25679104669	0.00329868295895	2.46e-05	2026-06-22 12:19:37
train	1240	1.24663134984	1.24653111185	0.00334141007625	2.48e-05	2026-06-22 12:19:37
train	1250	1.25483472007	1.25474034037	0.00314539108825	2.5e-05	2026-06-22 12:19:37
train	1260	1.24395632744	1.24384847709	0.00359498636265	2.52e-05	2026-06-22 12:19:37
train	1270	1.24653477328	1.24642929009	0.00351525084781	2.54e-05	2026-06-22 12:19:37
train	1280	1.2521564109	1.25205152375	0.00349621767444	2.56e-05	2026-06-22 12:19:37
train	1290	1.24572896957	1.24562382698	0.00350520087938	2.58e-05	2026-06-22 12:19:37
train	1300	1.24013112273	1.24000775814	0.00411340843753	2.6e-05	2026-06-22 12:19:37
train	1310	1.25057983398	1.25045503889	0.00415934788595	2.62e-05	2026-06-22 12:19:37
train	1320	1.24775116784	1.24763080052	0.00401215192064	2.64e-05	2026-06-22 12:19:37
train	1330	1.24175197738	1.24162406581	0.00426391312586	2.66e-05	2026-06-22 12:19:37
train	1340	1.23445122583	1.23431396484	0.00457556030181	2.68e-05	2026-06-22 12:19:37
train	1350	1.24981667314	1.24969632285	0.00401131176789	2.7e-05	2026-06-22 12:19:37
train	1360	1.25021157946	1.25008038112	0.00437374539407	2.72e-05	2026-06-22 12:19:37
train	1370	1.25202539989	1.2518900122	0.00451316937272	2.74e-05	2026-06-22 12:19:37
train	1380	1.24792443003	1.24778946808	0.00449841110302	2.76e-05	2026-06-22 12:19:37
train	1390	1.24029563154	1.24015911988	0.00455095239782	2.78e-05	2026-06-22 12:19:37
train	1400	1.24849808216	1.24836441449	0.00445515509429	2.8e-05	2026-06-22 12:19:37
train	1410	1.2531271662	1.25297602585	0.0050378777752	2.82e-05	2026-06-22 12:19:37
train	1420	1.2428733451	1.24273763384	0.00452384552253	2.84e-05	2026-06-22 12:19:37
train	1430	1.23639644895	1.23624922548	0.0049071800895	2.86e-05	2026-06-22 12:19:37
train	1440	1.24660374437	1.24644170489	0.00540030095726	2.88e-05	2026-06-22 12:19:37
train	1450	1.24602920668	1.24588836942	0.00469485736851	2.9e-05	2026-06-22 12:19:37
train	1460	1.24830436707	1.24815174512	0.00508744050083	2.92e-05	2026-06-22 12:19:37
train	1470	1.2287311554	1.22855700765	0.00580436077767	2.94e-05	2026-06-22 12:19:37
train	1480	1.24149325916	1.24130308628	0.00633930740878	2.96e-05	2026-06-22 12:19:37
train	1490	1.24083282266	1.24063769409	0.00650528924806	2.98e-05	2026-06-22 12:19:37
train	1500	1.23699402809	1.23679583413	0.00660628472854	3e-05	2026-06-22 12:19:37
train	1510	1.24715696062	1.24697067056	0.00621010549366	3.02e-05	2026-06-22 12:19:37
train	1520	1.2488178696	1.2485796724	0.00794005420591	3.04e-05	2026-06-22 12:19:37
train	1530	1.24594620296	1.24575299876	0.0064396776392	3.06e-05	2026-06-22 12:19:37
train	1540	1.23384957654	1.23365902901	0.00635172699445	3.08e-05	2026-06-22 12:19:37
train	1550	1.24589332512	1.24567043781	0.0074299535315	3.1e-05	2026-06-22 12:19:37
train	1560	1.24873447418	1.24851485661	0.00732040385317	3.12e-05	2026-06-22 12:19:37
train	1570	1.23745754787	1.2372238636	0.0077891449577	3.14e-05	2026-06-22 12:19:37
train	1580	1.24458912441	1.24431296757	0.00920597650111	3.16e-05	2026-06-22 12:19:37
train	1590	1.24394650119	1.24363512652	0.010379791925	3.18e-05	2026-06-22 12:19:37
train	1600	1.25133766447	1.25096045222	0.0125729510827	3.2e-05	2026-06-22 12:19:37
train	1610	1.23868959291	1.2384106602	0.00929751978921	3.22e-05	2026-06-22 12:19:37
train	1620	1.25052772249	1.25027143955	0.00854298020048	3.24e-05	2026-06-22 12:19:37
train	1630	1.23345443181	1.23321093832	0.00811667946566	3.26e-05	2026-06-22 12:19:37
train	1640	1.23459403855	1.23434776919	0.00820933801255	3.28e-05	2026-06-22 12:19:37
train	1650	1.24705471311	1.24681334836	0.00804612778925	3.3e-05	2026-06-22 12:19:37
train	1660	1.2444949661	1.2442128488	0.00940373307094	3.32e-05	2026-06-22 12:19:37
train	1670	1.24429787908	1.24406884398	0.00763394943039	3.34e-05	2026-06-22 12:19:37
train	1680	1.24588835239	1.24565114294	0.00790674259354	3.36e-05	2026-06-22 12:19:37
train	1690	1.23933594567	1.23908940383	0.00821739022753	3.38e-05	2026-06-22 12:19:37
train	1700	1.24198271547	1.24172646659	0.00854147485058	3.4e-05	2026-06-22 12:19:37
train	1710	1.23801680974	1.23775129659	0.00885107621018	3.42e-05	2026-06-22 12:19:37
train	1720	1.23788210324	1.23758431843	0.00992657510298	3.44e-05	2026-06-22 12:19:37
train	1730	1.24240073136	1.2421814033	0.00731104066862	3.46e-05	2026-06-22 12:19:37
train	1740	1.23874843121	1.23847537381	0.00910247044106	3.48e-05	2026-06-22 12:19:37
train	1750	1.25259872845	1.25233158043	0.00890527013689	3.5e-05	2026-06-22 12:19:37
train	1760	1.2407399416	1.24050961222	0.00767742230424	3.52e-05	2026-06-22 12:19:37
train	1770	1.24189627171	1.24153220654	0.0121356553531	3.54e-05	2026-06-22 12:19:37
train	1780	1.23628270626	1.23594679151	0.011197376331	3.56e-05	2026-06-22 12:19:37
train	1790	1.24619436264	1.24585846492	0.0111967945205	3.58e-05	2026-06-22 12:19:37
train	1800	1.24194971153	1.24166526113	0.00948130006769	3.6e-05	2026-06-22 12:19:37
train	1810	1.24061128071	1.24029500144	0.0105418902157	3.62e-05	2026-06-22 12:19:37
train	1820	1.2372255155	1.23692761149	0.00993001727121	3.64e-05	2026-06-22 12:19:37
train	1830	1.23568218095	1.2353990078	0.00943964041237	3.66e-05	2026-06-22 12:19:37
train	1840	1.23460049289	1.23431953362	0.00936545897275	3.68e-05	2026-06-22 12:19:37
train	1850	1.23284270082	1.23249423504	0.0116161327543	3.7e-05	2026-06-22 12:19:37
train	1860	1.23702037334	1.23668357304	0.0112269181492	3.72e-05	2026-06-22 12:19:37
train	1870	1.24258324078	1.24222917216	0.0118023139824	3.74e-05	2026-06-22 12:19:37
train	1880	1.22534802982	1.22501451629	0.0111170231498	3.76e-05	2026-06-22 12:19:37
train	1890	1.23694411346	1.23655067171	0.0131144944046	3.78e-05	2026-06-22 12:19:37
train	1900	1.24727223601	1.24696564674	0.0102197780673	3.8e-05	2026-06-22 12:19:37
train	1910	1.23918749605	1.23886563097	0.0107290663623	3.82e-05	2026-06-22 12:19:37
train	1920	1.22677631038	1.22642372336	0.0117524758513	3.84e-05	2026-06-22 12:19:37
train	1930	1.23532048294	1.2349284717	0.01306736283	3.86e-05	2026-06-22 12:19:37
train	1940	1.23241528443	1.23210527216	0.0103334852361	3.88e-05	2026-06-22 12:19:37
train	1950	1.23245557717	1.23207921641	0.0125455246972	3.9e-05	2026-06-22 12:19:37
train	1960	1.23648105349	1.23611239025	0.0122877717284	3.92e-05	2026-06-22 12:19:37
train	1970	1.23180365562	1.23141990389	0.0127909889977	3.94e-05	2026-06-22 12:19:37
train	1980	1.22926129614	1.22888735362	0.0124646365376	3.96e-05	2026-06-22 12:19:37
train	1990	1.23854746137	1.23813974857	0.0135905223766	3.98e-05	2026-06-22 12:19:37
train	2000	1.24367378439	1.24329391548	0.0126620951508	4e-05	2026-06-22 12:19:37
validation	2000	1.2356876675	1.23538868502	0.00996619372017		2026-06-22 12:19:37
train	2010	1.21577898094	1.21530388083	0.0158369390826	4.02e-05	2026-06-22 12:19:37
train	2020	1.23046553135	1.23002881663	0.0145579065595	4.04e-05	2026-06-22 12:19:37
train	2030	1.23729116576	1.23683747223	0.0151228904724	4.06e-05	2026-06-22 12:19:37
train	2040	1.23194270475	1.23156426634	0.0126146177894	4.08e-05	2026-06-22 12:19:37
train	2050	1.23062249592	1.23025013719	0.0124110715198	4.1e-05	2026-06-22 12:19:37
train	2060	1.2350648301	1.23464402131	0.0140270283446	4.12e-05	2026-06-22 12:19:37
train	2070	1.22178796359	1.22139809813	0.0129965630227	4.14e-05	2026-06-22 12:19:37
train	2080	1.21361761434	1.21333955015	0.0092687377307	4.16e-05	2026-06-22 12:19:37
train	2090	1.22941688129	1.22906272752	0.0118048556947	4.18e-05	2026-06-22 12:19:37
train	2100	1.22042548656	1.21970205648	0.0241148362734	4.2e-05	2026-06-22 12:19:37
train	2110	1.2381389652	1.23754656315	0.019747610337	4.22e-05	2026-06-22 12:19:37
train	2120	1.22622690882	1.22574971403	0.0159054559522	4.24e-05	2026-06-22 12:19:37
train	2130	1.2237668378	1.22328874043	0.0159368678661	4.26e-05	2026-06-22 12:19:37
train	2140	1.22439081328	1.22399926186	0.0130517235292	4.28e-05	2026-06-22 12:19:37
train	2150	1.23523397105	1.2347290005	0.0168320196015	4.3e-05	2026-06-22 12:19:37
train	2160	1.23141382422	1.23098887716	0.0141651530617	4.32e-05	2026-06-22 12:19:37
train	2170	1.21630278655	1.21581607206	0.0162240047274	4.34e-05	2026-06-22 12:19:37
train	2180	1.22168655055	1.22130906582	0.0125828753891	4.36e-05	2026-06-22 12:19:37
train	2190	1.22759028843	1.22719212941	0.0132718980312	4.38e-05	2026-06-22 12:19:37
train	2200	1.22617886748	1.22583862713	0.0113419507231	4.4e-05	2026-06-22 12:19:37
train	2210	1.22363179071	1.22312927246	0.0167513888861	4.42e-05	2026-06-22 12:19:37
train	2220	1.233905656	1.23341621671	0.0163152020957	4.44e-05	2026-06-22 12:19:37
train	2230	1.21424906594	1.21322144781	0.0342538292919	4.46e-05	2026-06-22 12:19:37
train	2240	1.22139006002	1.22079060759	0.0199818411576	4.48e-05	2026-06-22 12:19:37
train	2250	1.22301071031	1.22236544745	0.0215078225093	4.5e-05	2026-06-22 12:19:37
train	2260	1.2365824495	1.23628939901	0.00976791671876	4.52e-05	2026-06-22 12:19:37
train	2270	1.22018366201	1.21971399443	0.0156562599753	4.54e-05	2026-06-22 12:19:37
train	2280	1.22975550379	1.22923408236	0.0173798485526	4.56e-05	2026-06-22 12:19:37
train	2290	1.22508786406	1.22454616002	0.0180569598451	4.58e-05	2026-06-22 12:19:37
train	2300	1.23223601069	1.2316624948	0.0191174419597	4.6e-05	2026-06-22 12:19:37
train	2310	1.21917670114	1.21867924077	0.0165817287884	4.62e-05	2026-06-22 12:19:37
train	2320	1.21902268273	1.21815151828	0.0290394646249	4.64e-05	2026-06-22 12:19:37
train	2330	1.2292824643	1.22880547387	0.0158996603319	4.66e-05	2026-06-22 12:19:37
train	2340	1.20706103529	1.20624952657	0.0270499656243	4.68e-05	2026-06-22 12:19:37
train	2350	1.20362842083	1.20288610458	0.0247440162514	4.7e-05	2026-06-22 12:19:37
train	2360	1.22547829151	1.22476548808	0.023759775662	4.72e-05	2026-06-22 12:19:37
train	2370	1.230400971	1.22963098117	0.025666683114	4.74e-05	2026-06-22 12:19:37
train	2380	1.219847032	1.219

... [OUTPUT TRUNCATED - 21837 chars omitted out of 71837 total] ...

9907	1.09550082684	0.0872657072863	9.96e-05	2026-06-22 12:19:37
train	4990	1.07528683117	1.07260487761	0.0893981914435	9.98e-05	2026-06-22 12:19:37
train	5000	1.15866185938	1.15653140204	0.0710151695779	0.0001	2026-06-22 12:19:37
validation	5000	1.07977416366	1.07677222276	0.10006472141		2026-06-22 12:19:37
train	5010	1.15268753256	1.15066332476	0.0674745307437	0.0001002	2026-06-22 12:19:37
train	5020	1.14070854868	1.13914249625	0.0522017611989	0.0001004	2026-06-22 12:19:37
train	5030	1.14520345415	1.14366895812	0.0511499457061	0.0001006	2026-06-22 12:19:37
train	5040	1.06781110593	1.06447463376	0.111215694674	0.0001008	2026-06-22 12:19:37
train	5050	1.11230102607	1.10966381005	0.0879075428737	0.000101	2026-06-22 12:19:37
train	5060	1.04909184149	1.04573614257	0.111856932087	0.0001012	2026-06-22 12:19:37
train	5070	1.15187939576	1.1497009652	0.0726149931018	0.0001014	2026-06-22 12:19:37
train	5080	1.15962023394	1.15788936615	0.0576948276056	0.0001016	2026-06-22 12:19:37
train	5090	1.11145781619	1.10913612161	0.077389514872	0.0001018	2026-06-22 12:19:37
train	5100	1.09092814582	1.08849858386	0.080984905096	0.000102	2026-06-22 12:19:37
train	5110	1.07512502159	1.07232625995	0.093291921275	0.0001022	2026-06-22 12:19:37
train	5120	1.0476273724	1.04441073963	0.107221245234	0.0001024	2026-06-22 12:19:37
train	5130	1.10369647401	1.10136290107	0.0777856457446	0.0001026	2026-06-22 12:19:37
train	5140	1.05190889324	1.04842410769	0.116159613643	0.0001028	2026-06-22 12:19:37
train	5150	1.11551279681	1.11303013563	0.0827542413026	0.000103	2026-06-22 12:19:37
train	5160	1.1267816765	1.12433083568	0.0816945744944	0.0001032	2026-06-22 12:19:37
train	5170	1.07445939098	1.07081655945	0.121427901621	0.0001034	2026-06-22 12:19:37
train	5180	1.07526268278	1.0721315997	0.104369144088	0.0001036	2026-06-22 12:19:37
train	5190	1.05642722334	1.05378090484	0.0882111484451	0.0001038	2026-06-22 12:19:37
train	5200	1.12403444733	1.12167441845	0.0786671502782	0.000104	2026-06-22 12:19:37
train	5210	1.12351509503	1.12095444543	0.085355106209	0.0001042	2026-06-22 12:19:37
train	5220	1.10633448192	1.10409183162	0.0747551540179	0.0001044	2026-06-22 12:19:37
train	5230	1.10310970034	1.10012490409	0.0994935033045	0.0001046	2026-06-22 12:19:37
train	5240	1.0958384616	1.09305000305	0.0929487624339	0.0001048	2026-06-22 12:19:37
train	5250	1.06359168461	1.06054734332	0.101478709174	0.000105	2026-06-22 12:19:37
train	5260	1.1178579671	1.11506080627	0.0932390636631	0.0001052	2026-06-22 12:19:37
train	5270	1.13214548997	1.13031037365	0.0611708164215	0.0001054	2026-06-22 12:19:37
train	5280	1.12916207314	1.12733415195	0.0609303994903	0.0001056	2026-06-22 12:19:37
train	5290	1.05363752161	1.04997088228	0.122220925455	0.0001058	2026-06-22 12:19:37
train	5300	1.12829009124	1.12615605763	0.0711343751422	0.000106	2026-06-22 12:19:37
train	5310	1.10376270328	1.10143151454	0.0777066679937	0.0001062	2026-06-22 12:19:37
train	5320	1.13148224354	1.12927541562	0.0735601378339	0.0001064	2026-06-22 12:19:37
train	5330	1.01371297666	1.00968752589	0.134182062532	0.0001066	2026-06-22 12:19:37
train	5340	1.10267250027	1.10001324756	0.0886410613145	0.0001068	2026-06-22 12:19:37
train	5350	1.05647995642	1.05319137233	0.109620283491	0.000107	2026-06-22 12:19:37
train	5360	1.11616197654	1.11401552813	0.0715488498764	0.0001072	2026-06-22 12:19:37
train	5370	1.03320774862	1.02962003435	0.119590090854	0.0001074	2026-06-22 12:19:37
train	5380	1.10204023123	1.09947900261	0.0853747352958	0.0001076	2026-06-22 12:19:37
train	5390	1.05076434783	1.04688874313	0.129187384886	0.0001078	2026-06-22 12:19:37
train	5400	1.1356175031	1.13324674538	0.0790248204555	0.000108	2026-06-22 12:19:37
train	5410	1.14524569682	1.14325239829	0.0664439800062	0.0001082	2026-06-22 12:19:37
train	5420	0.997121759823	0.992578216961	0.151451077844	0.0001084	2026-06-22 12:19:37
train	5430	1.15988818237	1.15836755719	0.050686926714	0.0001086	2026-06-22 12:19:37
train	5440	1.06280071395	1.05989462137	0.0968703441322	0.0001088	2026-06-22 12:19:37
train	5450	1.09758643593	1.09466364554	0.0974264219403	0.000109	2026-06-22 12:19:37
train	5460	1.10059958696	1.09774580172	0.0951260764684	0.0001092	2026-06-22 12:19:37
train	5470	1.03639103685	1.03302428552	0.112225169582	0.0001094	2026-06-22 12:19:37
train	5480	1.12022256	1.11814542328	0.0692382611867	0.0001096	2026-06-22 12:19:37
train	5490	1.0837831412	1.08062295403	0.105338884251	0.0001098	2026-06-22 12:19:37
train	5500	1.11966388566	1.11769010339	0.0657928439655	0.00011	2026-06-22 12:19:37
train	5510	1.11083758729	1.10810394798	0.0911216123828	0.0001102	2026-06-22 12:19:37
train	5520	1.10318934917	1.10072591475	0.082113692803	0.0001104	2026-06-22 12:19:37
train	5530	1.02394511018	1.02079426391	0.105028172689	0.0001106	2026-06-22 12:19:37
train	5540	1.14594837597	1.14382330009	0.0708353998406	0.0001108	2026-06-22 12:19:37
train	5550	1.08967546054	1.08719557524	0.0826624434974	0.000111	2026-06-22 12:19:37
train	5560	1.0681191768	1.06449270248	0.120883056096	0.0001112	2026-06-22 12:19:37
train	5570	1.16691749437	1.16546457154	0.0484303989049	0.0001114	2026-06-22 12:19:37
train	5580	1.08331674337	1.0804755262	0.0947068674224	0.0001116	2026-06-22 12:19:37
train	5590	1.06875612055	1.06524720362	0.116963902754	0.0001118	2026-06-22 12:19:37
train	5600	1.07636550495	1.07409532581	0.0756725642298	0.000112	2026-06-22 12:19:37
train	5610	1.10530223165	1.10283824376	0.082132473588	0.0001122	2026-06-22 12:19:37
train	5620	1.03091381277	1.02790447644	0.100311268653	0.0001124	2026-06-22 12:19:37
train	5630	1.10579873834	1.10330961432	0.0829712567585	0.0001126	2026-06-22 12:19:37
train	5640	1.09221490792	1.08953263078	0.0894089862704	0.0001128	2026-06-22 12:19:37
train	5650	1.122920428	1.12065075977	0.0756559169718	0.000113	2026-06-22 12:19:37
train	5660	1.12592218603	1.12336318833	0.0853002933519	0.0001132	2026-06-22 12:19:37
train	5670	0.946505435875	0.941159878458	0.178185449115	0.0001134	2026-06-22 12:19:37
train	5680	1.08174601623	1.078403243	0.111424950617	0.0001136	2026-06-22 12:19:37
train	5690	1.11940526111	1.11716416052	0.0747030164514	0.0001138	2026-06-22 12:19:37
train	5700	1.01819790261	1.01485735178	0.111351963133	0.000114	2026-06-22 12:19:37
train	5710	1.07918649912	1.07622896773	0.098584770358	0.0001142	2026-06-22 12:19:37
train	5720	1.13497612306	1.13271405867	0.0754023824951	0.0001144	2026-06-22 12:19:37
train	5730	1.13001450471	1.12740106242	0.0871152659612	0.0001146	2026-06-22 12:19:37
train	5740	1.11027359962	1.10743213551	0.0947156473994	0.0001148	2026-06-22 12:19:37
train	5750	1.09803264482	1.09583841051	0.0731407781797	0.000115	2026-06-22 12:19:37
train	5760	1.11111109597	1.10874214343	0.0789642589433	0.0001152	2026-06-22 12:19:37
train	5770	1.07080953462	1.06852783476	0.0760568401643	0.0001154	2026-06-22 12:19:37
train	5780	1.1365607466	1.13493489368	0.054194645424	0.0001156	2026-06-22 12:19:37
train	5790	1.18683305808	1.18545188223	0.0460391936025	0.0001158	2026-06-22 12:19:37
train	5800	1.10048598903	1.0981151121	0.0790294933	0.000116	2026-06-22 12:19:37
train	5810	1.09385521923	1.09137268577	0.0827515476516	0.0001162	2026-06-22 12:19:37
train	5820	1.1035198995	1.10088377339	0.0878708516913	0.0001164	2026-06-22 12:19:37
train	5830	1.12865127836	1.1265995247	0.0683913853552	0.0001166	2026-06-22 12:19:37
train	5840	1.10890734196	1.10639301368	0.0838113634714	0.0001168	2026-06-22 12:19:37
train	5850	1.13654642446	1.13521749633	0.0442974647241	0.000117	2026-06-22 12:19:37
train	5860	1.11347820929	1.11118694714	0.0763751789927	0.0001172	2026-06-22 12:19:37
train	5870	1.13883565153	1.13686571802	0.0656636969319	0.0001174	2026-06-22 12:19:37
train	5880	1.11651962996	1.11382141284	0.0899412597397	0.0001176	2026-06-22 12:19:37
train	5890	1.16919369357	1.16759354728	0.0533382988402	0.0001178	2026-06-22 12:19:37
train	5900	1.09607998814	1.09344745534	0.0877508760563	0.000118	2026-06-22 12:19:37
train	5910	1.1038826108	1.10135012014	0.0844156337636	0.0001182	2026-06-22 12:19:37
train	5920	1.16466334888	1.16308161191	0.052725052461	0.0001184	2026-06-22 12:19:37
train	5930	1.14668061904	1.14488085679	0.059991493289	0.0001186	2026-06-22 12:19:37
train	5940	1.05051379544	1.04718837568	0.110847319875	0.0001188	2026-06-22 12:19:37
train	5950	1.15928878103	1.1576008967	0.0562628864178	0.000119	2026-06-22 12:19:37
train	5960	1.11259795938	1.10994644676	0.088383185012	0.0001192	2026-06-22 12:19:37
train	5970	1.01373916013	1.00962150097	0.137255305158	0.0001194	2026-06-22 12:19:37
train	5980	1.07516819239	1.07299335514	0.0724945855992	0.0001196	2026-06-22 12:19:37
train	5990	1.17751925332	1.17602903502	0.0496738281633	0.0001198	2026-06-22 12:19:37
train	6000	1.08211869001	1.07981416157	0.0768175883485	0.00012	2026-06-22 12:19:37
validation	6000	1.1679873364	1.16638820153	0.0533046555647		2026-06-22 12:19:37
train	6010	1.05884466001	1.05556551048	0.109304987426	0.0001202	2026-06-22 12:19:37
train	6020	1.07885740485	1.07589524133	0.098738646933	0.0001204	2026-06-22 12:19:37
train	6030	1.09786959205	1.09497499466	0.0964863172599	0.0001206	2026-06-22 12:19:37
train	6040	1.09804327999	1.09505264248	0.0996876853917	0.0001208	2026-06-22 12:19:37
train	6050	1.0170622468	1.01318518605	0.129235396428	0.000121	2026-06-22 12:19:37
train	6060	1.08340431111	1.08069708518	0.0902410210775	0.0001212	2026-06-22 12:19:37
train	6070	0.981746520315	0.977171931948	0.152486204037	0.0001214	2026-06-22 12:19:37
train	6080	1.07970128741	1.07715600729	0.0848430009293	0.0001216	2026-06-22 12:19:37
train	6090	1.02907368115	1.0261136634	0.0986675960677	0.0001218	2026-06-22 12:19:37
train	6100	1.11351148571	1.11150080817	0.0670221602278	0.000122	2026-06-22 12:19:37
train	6110	1.08634779283	1.08345152651	0.0965422365282	0.0001222	2026-06-22 12:19:37
train	6120	1.13290507453	1.13055745193	0.0782535049532	0.0001224	2026-06-22 12:19:37
train	6130	1.12990663733	1.12776127883	0.0715116901057	0.0001226	2026-06-22 12:19:37
train	6140	1.13633013623	1.13410804101	0.074069455266	0.0001228	2026-06-22 12:19:37
train	6150	1.13268076522	1.13103473186	0.0548677282142	0.000123	2026-06-22 12:19:37
train	6160	1.06713652611	1.06419383628	0.0980897567102	0.0001232	2026-06-22 12:19:37
train	6170	1.00714877674	1.00359449216	0.118475890053	0.0001234	2026-06-22 12:19:37
train	6180	1.1194577728	1.11729156971	0.0722071807832	0.0001236	2026-06-22 12:19:37
train	6190	1.07901796273	1.0761705637	0.0949128812977	0.0001238	2026-06-22 12:19:37
train	6200	1.11514823777	1.11301205839	0.0712055760835	0.000124	2026-06-22 12:19:37
train	6210	1.06367519924	1.06070857389	0.0988869778812	0.0001242	2026-06-22 12:19:37
train	6220	1.06686803273	1.06368853365	0.105983756217	0.0001244	2026-06-22 12:19:37
train	6230	1.08763314145	1.08503339972	0.0866581472967	0.0001246	2026-06-22 12:19:37
train	6240	1.106281272	1.10375521864	0.0842017244015	0.0001248	2026-06-22 12:19:37
train	6250	1.06462652343	1.06159187215	0.101154212973	0.000125	2026-06-22 12:19:37
train	6260	1.08518345015	1.08262979133	0.0851214440273	0.0001252	2026-06-22 12:19:37
train	6270	1.05406916142	1.05109201159	0.0992376974651	0.0001254	2026-06-22 12:19:37
train	6280	1.03375240735	1.0300135357	0.124628907336	0.0001256	2026-06-22 12:19:37
train	6290	1.11161763327	1.10942423344	0.0731134239052	0.0001258	2026-06-22 12:19:37
train	6300	1.13547219549	1.13359689713	0.0625095433955	0.000126	2026-06-22 12:19:37
train	6310	1.12764806407	1.12559545892	0.0684205698115	0.0001262	2026-06-22 12:19:37
train	6320	1.08626390355	1.08305243935	0.107048606766	0.0001264	2026-06-22 12:19:37
train	6330	1.07217593704	1.0685845358	0.119713957821	0.0001266	2026-06-22 12:19:37
train	6340	1.13429152966	1.13236943313	0.0640703394477	0.0001268	2026-06-22 12:19:37
train	6350	1.06442753758	1.06158248867	0.0948338976928	0.000127	2026-06-22 12:19:37
train	6360	1.08910313674	1.08652419703	0.0859652640564	0.0001272	2026-06-22 12:19:37
train	6370	1.03748708963	1.03458877972	0.09660952964	0.0001274	2026-06-22 12:19:37
train	6380	1.0244857158	1.02092421055	0.118716630552	0.0001276	2026-06-22 12:19:37
train	6390	1.10108355113	1.09831644808	0.0922375023365	0.0001278	2026-06-22 12:19:37
train	6400	1.03564153399	1.03272052322	0.0973670440061	0.000128	2026-06-22 12:19:37
train	6410	1.04625907966	1.04345920256	0.0933297095554	0.0001282	2026-06-22 12:19:37
train	6420	1.1137122597	1.11181214878	0.0633372361107	0.0001284	2026-06-22 12:19:37
train	6430	1.04548492602	1.04232978821	0.105170846518	0.0001286	2026-06-22 12:19:37
train	6440	1.13170576096	1.12981118475	0.0631522993956	0.0001288	2026-06-22 12:19:37
train	6450	1.13709650721	1.13481795788	0.0759523151709	0.000129	2026-06-22 12:19:37
train	6460	1.0724179915	1.06904121808	0.112558809242	0.0001292	2026-06-22 12:19:37
train	6470	1.06313120467	1.06022936106	0.0967279401209	0.0001294	2026-06-22 12:19:37
train	6480	0.961872492518	0.956754658903	0.170594129179	0.0001296	2026-06-22 12:19:37
train	6490	1.15668950762	1.15507854734	0.0536997419383	0.0001298	2026-06-22 12:19:37
train	6500	1.1282977547	1.12553645883	0.0920430081231	0.00013	2026-06-22 12:19:37
train	6510	1.0692171199	1.06660635982	0.087025671133	0.0001302	2026-06-22 12:19:37
train	6520	1.0139161178	1.00971195527	0.140139009804	0.0001304	2026-06-22 12:19:37
train	6530	1.11157308306	1.10894284078	0.0876749503825	0.0001306	2026-06-22 12:19:37
train	6540	1.08940093858	1.08643852813	0.098747458575	0.0001308	2026-06-22 12:19:37
train	6550	1.03589880466	1.03166760717	0.141040466726	0.000131	2026-06-22 12:19:37
train	6560	1.05818647998	1.05547331061	0.0904389880598	0.0001312	2026-06-22 12:19:37
train	6570	0.997365312917	0.993621911321	0.124780628298	0.0001314	2026-06-22 12:19:37
train	6580	1.09340814182	1.09088756357	0.0840192160436	0.0001316	2026-06-22 12:19:37
train	6590	1.03353563377	1.02990590675	0.120990626514	0.0001318	2026-06-22 12:19:37
train	6600	1.05777841806	1.05424982309	0.117619222828	0.000132	2026-06-22 12:19:37
train	6610	1.12335895641	1.1215057373	0.0617738049477	0.0001322	2026-06-22 12:19:37
train	6620	0.998545535973	0.995128461293	0.113902787013	0.0001324	2026-06-22 12:19:37
train	6630	1.14910057613	1.14732801914	0.0590856671333	0.0001326	2026-06-22 12:19:37
train	6640	1.06350675651	1.06036618778	0.104684760528	0.0001328	2026-06-22 12:19:37
train	6650	1.03568035364	1.03225112813	0.114307341831	0.000133	2026-06-22 12:19:37
train	6660	1.0777623994	1.07508244685	0.0893315172621	0.0001332	2026-06-22 12:19:37
train	6670	1.04336485692	1.03968862976	0.122540500015	0.0001334	2026-06-22 12:19:37
train	6680	1.03461022036	1.03104673965	0.118782826832	0.0001336	2026-06-22 12:19:37
train	6690	0.98661416769	0.981735212462	0.162632534014	0.0001338	2026-06-22 12:19:37
train	6700	1.01466321094	1.01097887754	0.122811176415	0.000134	2026-06-22 12:19:37
train	6710	1.04883326803	1.04584188972	0.0997127422265	0.0001342	2026-06-22 12:19:37
train	6720	1.07252241884	1.06948414871	0.101275417954	0.0001344	2026-06-22 12:19:37
train	6730	1.11188447475	1.10940698215	0.0825835109821	0.0001346	2026-06-22 12:19:37
train	6740	1.10687459367	1.10407976593	0.0931610073894	0.0001348	2026-06-22 12:19:37
train	6750	1.17041533334	1.16886987005	0.0515158998647	0.000135	2026-06-22 12:19:37
train	6760	1.02809181384	1.02450623683	0.119519312999	0.0001352	2026-06-22 12:19:37
train	6770	1.09902586256	1.09650557382	0.0840100837605	0.0001354	2026-06-22 12:19:37
train	6780	1.13108013357	1.12896205698	0.0706020742655	0.0001356	2026-06-22 12:19:37
train	6790	1.11128572907	1.10886154005	0.0808060946209	0.0001358	2026-06-22 12:19:37
train	6800	1.11573974575	1.11348710741	0.0750873823251	0.000136	2026-06-22 12:19:37
train	6810	0.996917017869	0.992497324944	0.147323652038	0.0001362	2026-06-22 12:19:37
train	6820	1.09946831635	1.09677912508	0.0896399814103	0.0001364	2026-06-22 12:19:37
train	6830	1.04874231986	1.04596026455	0.0927353256515	0.0001366	2026-06-22 12:19:37
train	6840	1.08881185736	1.0860347833	0.0925694044147	0.0001368	2026-06-22 12:19:37
train	6850	1.11025728498	1.10748251847	0.0924917278545	0.000137	2026-06-22 12:19:37
train	6860	1.12998950481	1.12784564495	0.0714617813272	0.0001372	2026-06-22 12:19:37
train	6870	1.01996142524	1.01604382481	0.130586731647	0.0001374	2026-06-22 12:19:37
train	6880	1.11043176481	1.10793071985	0.0833688793438	0.0001376	2026-06-22 12:19:37
train	6890	1.0177165355	1.0143339123	0.112754106522	0.0001378	2026-06-22 12:19:37
train	6900	1.07731189898	1.07426913295	0.101425994188	0.000138	2026-06-22 12:19:37
train	6910	1.04545127494	1.04164453915	0.12689162365	0.0001382	2026-06-22 12:19:37
train	6920	1.12961871283	1.12704561438	0.0857695862651	0.0001384	2026-06-22 12:19:37
train	6930	1.04883460488	1.04566625186	0.105612279581	0.0001386	2026-06-22 12:19:37
train	6940	1.06040079253	1.05713789804	0.108763622386	0.0001388	2026-06-22 12:19:37
train	6950	1.12019424779	1.11731427056	0.0959995181433	0.000139	2026-06-22 12:19:37
train	6960	1.02886574609	1.02497376714	0.129732311304	0.0001392	2026-06-22 12:19:37
train	6970	1.07697090081	1.07469932522	0.0757198301809	0.0001394	2026-06-22 12:19:37
train	6980	1.10823961667	1.10555244344	0.089572077351	0.0001396	2026-06-22 12:19:37
train	6990	1.11794210332	1.11549783604	0.0814750545791	0.0001398	2026-06-22 12:19:37
train	7000	1.1000514882	1.09781192882	0.0746519065329	0.00014	2026-06-22 12:19:37
validation	7000	1.08839155268	1.08545710146	0.0978149243165		2026-06-22 12:19:37
train	7010	1.05129801376	1.04840803998	0.0963323478188	0.0001402	2026-06-22 12:19:37
train	7020	1.07059190954	1.0676514336	0.0980162444924	0.0001404	2026-06-22 12:19:37
train	7030	1.09869946752	1.09608426264	0.0871728009411	0.0001406	2026-06-22 12:19:37
train	7040	1.14383992127	1.14193960599	0.0633438453078	0.0001408	2026-06-22 12:19:37
train	7050	1.1106658067	1.10797857387	0.0895748840911	0.000141	2026-06-22 12:19:37
train	7060	0.98942651919	0.985292332513	0.137805782259	0.0001412	2026-06-22 12:19:37
train	7070	1.01910514491	1.01562918936	0.115865292294	0.0001414	2026-06-22 12:19:37
train	7080	1.07412076848	1.0715050527	0.0871911336269	0.0001416	2026-06-22 12:19:37
train	7090	1.09628117936	1.09350669384	0.0924829047705	0.0001418	2026-06-22 12:19:37
train	7100	1.03514281341	1.03185037204	0.109748121883	0.000142	2026-06-22 12:19:37
train	7110	1.079359872	1.07593716042	0.114090114832	0.0001422	2026-06-22 12:19:37
train	7120	1.04726683242	1.04383129733	0.114517910672	0.0001424	2026-06-22 12:19:37
train	7130	1.03443359477	1.031570392	0.0954402227487	0.0001426	2026-06-22 12:19:37
train	7140	1.06028079135	1.05744022131	0.0946851960782	0.0001428	2026-06-22 12:19:37
train	7150	1.06920042208	1.06577153717	0.114296944546	0.000143	2026-06-22 12:19:37
train	7160	1.07827037573	1.07567983866	0.0863506703504	0.0001432	2026-06-22 12:19:37
train	7170	1.10164763246	1.09867673261	0.0990299465401	0.0001434	2026-06-22 12:19:37
train	7180	1.11443855081	1.11181276185	0.0875258323337	0.0001436	2026-06-22 12:19:37
train	7190	1.04300511735	1.03996028219	0.101495354303	0.0001438	2026-06-22 12:19:37
train	7200	0.959692759173	0.956073020186	0.120657366301	0.000144	2026-06-22 12:19:37
train	7210	1.0579429354	1.05398143189	0.132050231099	0.0001442	2026-06-22 12:19:37
train	7220	1.06224167347	1.05921253988	0.100970866425	0.0001444	2026-06-22 12:19:37
train	7230	1.07978636878	1.07714374576	0.0880874853049	0.0001446	2026-06-22 12:19:37
train	7240	1.07506042719	1.07168611458	0.112477259444	0.0001448	2026-06-22 12:19:37
train	7250	1.14817435401	1.14625809874	0.0638746150902	0.000145	2026-06-22 12:19:37
train	7260	1.0642828175	1.06088420323	0.113287174276	0.0001452	2026-06-22 12:19:37
train	7270	1.10764453241	1.10521475758	0.0809929610363	0.0001454	2026-06-22 12:19:37
train	7280	1.06437272685	1.0614299093	0.0980939790606	0.0001456	2026-06-22 12:19:37
train	7290	1.05668706553	1.05370753152	0.0993179585785	0.0001458	2026-06-22 12:19:37
train	7300	1.05761845623	1.05427227701	0.111538911504	0.000146	2026-06-22 12:19:37
train	7310	0.992429494858	0.988433769771	0.133190484984	0.0001462	2026-06-22 12:19:37
train	7320	1.12405358894	1.12150468997	0.0849633746381	0.0001464	2026-06-22 12:19:37
train	7330	1.10702045475	1.10447542156	0.0848346991198	0.0001466	2026-06-22 12:19:37
train	7340	1.05706413303	1.05397966078	0.102815489684	0.0001468	2026-06-22 12:19:37
train	7350	1.13531563963	1.13292789459	0.0795917276825	0.000147	2026-06-22 12:19:37
train	7360	0.985442910876	0.980832474572	0.153681073338	0.0001472	2026-06-22 12:19:37
train	7370	1.04694510358	1.04393948827	0.10018687376	0.0001474	2026-06-22 12:19:37
train	7380	1.06336217267	1.06035876274	0.100113337061	0.0001476	2026-06-22 12:19:37
train	7390	1.12593400478	1.1237724168	0.0720530269401	0.0001478	2026-06-22 12:19:37
train	7400	1.02198702097	1.01850348711	0.11611776799	0.000148	2026-06-22 12:19:37
train	7410	1.06813536372	1.06461446626	0.117363522095	0.0001482	2026-06-22 12:19:37
train	7420	1.06430430072	1.06137394905	0.0976783159588	0.0001484	2026-06-22 12:19:37
train	7430	0.994423942907	0.991314002446	0.103665053844	0.0001486	2026-06-22 12:19:37
train	7440	1.11659407616	1.11416505064	0.0809680545436	0.0001488	2026-06-22 12:19:37
train	7450	1.0438598735	1.04087757213	0.0994104556739	0.000149	2026-06-22 12:19:37
train	7460	1.09849670104	1.09541652032	0.102672803083	0.0001492	2026-06-22 12:19:37
train	7470	0.949666168009	0.944360562733	0.17685314055	0.0001494	2026-06-22 12:19:37
train	7480	1.03420820407	1.03108119965	0.104233932282	0.0001496	2026-06-22 12:19:37
train	7490	1.09879086699	1.09596157074	0.0943094566464	0.0001498	2026-06-22 12:19:37
train	7500	1.04364828553	1.04038749422	0.108693389488	0.00015	2026-06-22 12:19:37
train	7510	1.03042799234	1.02696582249	0.115405598389	0.0001502	2026-06-22 12:19:37
train	7520	1.10851761273	1.10610685178	0.0803586776767	0.0001504	2026-06-22 12:19:37
train	7530	1.07133482184	1.06865673406	0.0892692442451	0.0001506	2026-06-22 12:19:37
train	7540	1.12445053032	1.12206183161	0.0796246422189	0.0001508	2026-06-22 12:19:37
train	7550	1.00537232842	1.00176133428	0.120366694672	0.000151	2026-06-22 12:19:37
train	7560	1.05124014616	1.04766449758	0.119188696146	0.0001512	2026-06-22 12:19:37
train	7570	1.00479375465	1.0010348899	0.125295819449	0.0001514	2026-06-22 12:19:37
train	7580	1.11207538843	1.10970876898	0.0788874101958	0.0001516	2026-06-22 12:19:37
train	7590	1.07644476209	1.07362272058	0.0940668519054	0.0001518	2026-06-22 12:19:37
train	7600	1.04017276423	1.0363718697	0.126696210355	0.000152	2026-06-22 12:19:37
train	7610	1.0527287381	1.04908322436	0.121516660388	0.0001522	2026-06-22 12:19:37
train	7620	1.0396745801	1.03671873467	0.0985283154462	0.0001524	2026-06-22 12:19:37
train	7630	1.08362426077	1.08064460754	0.099322108818	0.0001526	2026-06-22 12:19:37
train	7640	1.08079822574	1.07780961479	0.0996206402779	0.0001528	2026-06-22 12:19:37
train	7650	1.02639830964	1.02252385446	0.129147766956	0.000153	2026-06-22 12:19:37
train	7660	1.00012476955	0.995860985347	0.142125689558	0.0001532	2026-06-22 12:19:37
train	7670	1.09011246477	1.08758747578	0.0841665853347	0.0001534	2026-06-22 12:19:37
train	7680	1.12645118577	1.12429092612	0.0720094878759	0.0001536	2026-06-22 12:19:37
train	7690	1.06438955239	1.06125087397	0.104622400233	0.0001538	2026-06-22 12:19:37
train	7700	1.0871546013	1.08429140704	0.0954397815679	0.000154	2026-06-22 12:19:37
train	7710	1.05381442819	1.05080438512	0.100334305848	0.0001542	2026-06-22 12:19:37
train	7720	1.08290349586	1.07980482067	0.1032891811	0.0001544	2026-06-22 12:19:37
train	7730	1.05599913427	1.05298594066	0.100439466536	0.0001546	2026-06-22 12:19:37
train	7740	1.05439553942	1.05136921576	0.100877197725	0.0001548	2026-06-22 12:19:37
train	7750	1.10409787723	1.10147363799	0.0874745063484	0.000155	2026-06-22 12:19:37
train	7760	1.04549516099	1.04234144517	0.105124035052	0.0001552	2026-06-22 12:19:37
train	7770	1.0573598487	1.05439221859	0.0989205730813	0.0001554	2026-06-22 12:19:37
train	7780	1.03952768019	1.03618725709	0.111347813958	0.0001556	2026-06-22 12:19:37
train	7790	1.07440322638	1.07168345792	0.0906592176429	0.0001558	2026-06-22 12:19:37
train	7800	1.07708286388	1.07459927457	0.0827865659126	0.000156	2026-06-22 12:19:37
train	7810	1.03440947192	1.03080646481	0.120100538645	0.0001562	2026-06-22 12:19:37
train	7820	1.10992842061	1.1074838468	0.0814853778907	0.0001564	2026-06-22 12:19:37
train	7830	1.00044528927	0.997116395405	0.110963311579	0.0001566	2026-06-22 12:19:37
train	7840	1.05705507313	1.05412617752	0.0976293874638	0.0001568	2026-06-22 12:19:37
train	7850	1.15187481471	1.14990433625	0.0656827799976	0.000157	2026-06-22 12:19:37
train	7860	1.09007817507	1.08749907357	0.0859696742679	0.0001572	2026-06-22 12:19:37
train	7870	1.03616849014	1.03288917031	0.109310631241	0.0001574	2026-06-22 12:19:37
train	7880	1.11821978433	1.11580748217	0.0804102899773	0.0001576	2026-06-22 12:19:37
train	7890	1.09096639497	1.08832920449	0.0879062254514	0.0001578	2026-06-22 12:19:37
train	7900	1.02269613743	1.01898987804	0.123542208757	0.000158	2026-06-22 12:19:37
train	7910	1.03469988278	1.03149655887	0.106778106519	0.0001582	2026-06-22 12:19:37
train	7920	1.05478263753	1.05160920109	0.105780931988	0.0001584	2026-06-22 12:19:37
train	7930	1.10039016179	1.09760114125	0.0929679370352	0.0001586	2026-06-22 12:19:37
train	7940	1.08826914855	1.08455274786	0.123880911086	0.0001588	2026-06-22 12:19:37
train	7950	1.06857654027	1.0653248259	0.108390352023	0.000159	2026-06-22 12:19:37
train	7960	1.0818921583	1.07870356526	0.106286260699	0.0001592	2026-06-22 12:19:37
train	7970	1.03680659192	1.03354065759	0.108864123268	0.0001594	2026-06-22 12:19:37
train	7980	1.07903750454	1.07643490178	0.0867541301996	0.0001596	2026-06-22 12:19:37
train	7990	1.10936751536	1.10686933994	0.083272783884	0.0001598	2026-06-22 12:19:37
train	8000	1.0626165356	1.05987677404	0.0913254331265	0.00016	2026-06-22 12:19:37
validation	8000	1.1225684362	1.1199214051	0.0882345005812		2026-06-22 12:19:37
train	8010	1.05369006736	1.05042934418	0.108690684395	0.0001602	2026-06-22 12:19:37
train	8020	1.08652165958	1.08362925053	0.0964144367192	0.0001604	2026-06-22 12:19:37
train	8030	1.00877181973	1.00490292481	0.12896283716	0.0001606	2026-06-22 12:19:37
train	8040	1.04796952861	1.04505283492	0.0972236756768	0.0001608	2026-06-22 12:19:37
train	8050	1.04917209489	1.04593261651	0.107982121408	0.000161	2026-06-22 12:19:37
train	8060	1.14428942544	1.14228900841	0.0666798023241	0.0001612	2026-06-22 12:19:37
train	8070	1.10492924282	1.10258476223	0.0781495390194	0.0001614	2026-06-22 12:19:37
train	8080	1.03148172583	1.02798652649	0.11650696929	0.0001616	2026-06-22 12:19:37
train	8090	1.08041802474	1.0766970345	0.124032939119	0.0001618	2026-06-22 12:19:37
train	8100	1.03958206517	1.03617354802	0.113617589431	0.000162	2026-06-22 12:19:37
train	8110	1.0921721799	1.08941400903	0.0919395184943	0.0001622	2026-06-22 12:19:37
train	8120	1.02486060347	1.0209812011	0.129313525345	0.0001624	2026-06-22 12:19:37
train	8130	1.08471695866	1.08195621627	0.0920256030347	0.0001626	2026-06-22 12:19:37
train	8140	0.993088747774	0.989141327994	0.13158061994	0.0001628	2026-06-22 12:19:37
train	8150	1.07762535129	1.07494114978	0.089473134705	0.000163	2026-06-22 12:19:37
train	8160	1.05464254107	1.05104503461	0.119916991464	0.0001632	2026-06-22 12:19:37
train	8170	1.06845855713	1.06589786495	0.0853567916368	0.0001634	2026-06-22 12:19:37
train	8180	0.995254610266	0.992012798786	0.108060403594	0.0001636	2026-06-22 12:19:37
train	8190	1.02615482467	1.0218328493	0.144065728145	0.0001638	2026-06-22 12:19:37
train	8200	1.02975741455	1.02585251842	0.130163490772	0.000164	2026-06-22 12:19:37
train	8210	1.07485901458	1.07161671775	0.108076441501	0.0001642	2026-06-22 12:19:37
train	8220	1.07200148276	1.0692085794	0.0930978240711	0.0001644	2026-06-22 12:19:37
train	8230	1.03689337628	1.0334395596	0.115127201059	0.0001646	2026-06-22 12:19:37
train	8240	1.09735866104	1.09489725317	0.0820469340043	0.0001648	2026-06-22 12:19:37
train	8250	1.10177229132	1.09940207856	0.079007429736	0.000165	2026-06-22 12:19:37
train	8260	1.00702721732	1.00287524291	0.13839874523	0.0001652	2026-06-22 12:19:37
train	8270	1.03006537471	1.02646579061	0.119986828949	0.0001654	2026-06-22 12:19:37
train	8280	1.09521009241	1.09272754192	0.082751730723	0.0001656	2026-06-22 12:19:37
train	8290	1.10679414443	1.10419218029	0.0867321587035	0.0001658	2026-06-22 12:19:37
train	8300	1.01454924686	1.01077877624	0.125681959093	0.000166	2026-06-22 12:19:37
train	8310	1.05420139006	1.05127493824	0.0975484028459	0.0001662	2026-06-22 12:19:37
train	8320	1.08493816001	1.08229962417	0.0879512163145	0.0001664	2026-06-22 12:19:37
train	8330	1.12807804346	1.12595924309	0.0706272976739	0.0001666	2026-06-22 12:19:37
train	8340	1.14860895702	1.14682768072	0.0593757453774	0.0001668	2026-06-22 12:19:37
train	8350	1.05908124787	1.05508903946	0.133072984006	0.000167	2026-06-22 12:19:37
train	8360	1.0578705413	1.05464228562	0.107608733433	0.0001672	2026-06-22 12:19:37
train	8370	1.04794728756	1.04440324647	0.11813477001	0.0001674	2026-06-22 12:19:37
train	8380	0.995244732925	0.99172939573	0.117177911103	0.0001676	2026-06-22 12:19:37
train	8390	1.07527174268	1.07254225016	0.0909835749439	0.0001678	2026-06-22 12:19:37
train	8400	1.08813657931	1.08510814394	0.100947911718	0.000168	2026-06-22 12:19:37
train	8410	1.01737896034	1.01416307688	0.107196120279	0.0001682	2026-06-22 12:19:37
train	8420	1.13788930007	1.13569966384	0.0729882568121	0.0001684	2026-06-22 12:19:37
train	8430	1.07816748108	1.07536380632	0.0934557451734	0.0001686	2026-06-22 12:19:37
train	8440	1.01921506439	1.01546529361	0.124993000712	0.0001688	2026-06-22 12:19:37
train	8450	1.089212077	1.0861921055	0.100664897689	0.000169	2026-06-22 12:19:37
train	8460	1.10545566252	1.10272149529	0.0911385097674	0.0001692	2026-06-22 12:19:37
train	8470	1.00927844218	1.0053880385	0.129679986941	0.0001694	2026-06-22 12:19:37
train	8480	1.04639291763	1.04267760686	0.12384394237	0.0001696	2026-06-22 12:19:37
train	8490	1.09030987535	1.08733687231	0.099099440234	0.0001698	2026-06-22 12:19:37
train	8500	1.0373320835	1.03406433548	0.10892529626	0.00017	2026-06-22 12:19:37
