task_id	task_type	model_id	context	track	seed	best_epoch	validation_threshold	accuracy	precision	recall	specificity	f1	balanced_accuracy	mcc	auroc	auprc	brier	ece	tp	tn	fp	fn	rc_test_samples	rc_cosine_mean	rc_l2_mean	selected_alpha	pearson_macro	spearman_macro	r2_macro	mae_macro	rmse_macro	panel_code
splice_donor_acceptor	binary	CropGenomeFM_step19000_continuation	512	downstream_cold_genus_pretraining_seen_genus	13	89	0.5149999999999999	0.791015625	0.7709090909090909	0.828125	0.75390625	0.7984934086629002	0.791015625	0.5836409403212096	0.861785888671875	0.8164433283304385	0.15619275983594302	0.07976470386103077	424	386	126	88	1024	1.0	0.0							A1
splice_donor_acceptor	binary	CropGenomeFM_step19000_continuation	512	downstream_cold_genus_pretraining_seen_genus	29	89	0.5149999999999999	0.791015625	0.7709090909090909	0.828125	0.75390625	0.7984934086629002	0.791015625	0.5836409403212096	0.861785888671875	0.8164433283304385	0.15619275983594302	0.07976470386103077	424	386	126	88	1024	1.0	0.0							A1
splice_donor_acceptor	binary	CropGenomeFM_step19000_continuation	512	downstream_cold_genus_pretraining_seen_genus	43	89	0.5149999999999999	0.791015625	0.7709090909090909	0.828125	0.75390625	0.7984934086629002	0.791015625	0.5836409403212096	0.861785888671875	0.8164433283304385	0.15619275983594302	0.07976470386103077	424	386	126	88	1024	1.0	0.0							A1
splice_donor_acceptor	binary	CropGenomeFM_step19000_continuation	512	downstream_cold_genus_pretraining_seen_genus	71	89	0.5149999999999999	0.791015625	0.7709090909090909	0.828125	0.75390625	0.7984934086629002	0.791015625	0.5836409403212096	0.861785888671875	0.8164433283304385	0.15619275983594302	0.07976470386103077	424	386	126	88	1024	1.0	0.0							A1
splice_donor_acceptor	binary	CropGenomeFM_step19000_continuation	512	downstream_cold_genus_pretraining_seen_genus	97	89	0.5149999999999999	0.791015625	0.7709090909090909	0.828125	0.75390625	0.7984934086629002	0.791015625	0.5836409403212096	0.861785888671875	0.8164433283304385	0.15619275983594302	0.07976470386103077	424	386	126	88	1024	1.0	0.0							A1
promoter_TSS	binary	CropGenomeFM_step19000_continuation	512	downstream_cold_genus_pretraining_seen_genus	13	62	0.5325043201446533	0.734375	0.8296703296703297	0.58984375	0.87890625	0.6894977168949771	0.734375	0.4896531831411287	0.8124580383300781	0.8283527557729181	0.19465368117144155	0.13046404225391145	302	450	62	210	1024	1.0	0.0							A2
promoter_TSS	binary	CropGenomeFM_step19000_continuation	512	downstream_cold_genus_pretraining_seen_genus	29	62	0.5325043201446533	0.734375	0.8296703296703297	0.58984375	0.87890625	0.6894977168949771	0.734375	0.4896531831411287	0.8124580383300781	0.8283527557729181	0.19465368117144155	0.13046404225391145	302	450	62	210	1024	1.0	0.0							A2
promoter_TSS	binary	CropGenomeFM_step19000_continuation	512	downstream_cold_genus_pretraining_seen_genus	43	62	0.5325043201446533	0.734375	0.8296703296703297	0.58984375	0.87890625	0.6894977168949771	0.734375	0.4896531831411287	0.8124580383300781	0.8283527557729181	0.19465368117144155	0.13046404225391145	302	450	62	210	1024	1.0	0.0							A2
promoter_TSS	binary	CropGenomeFM_step19000_continuation	512	downstream_cold_genus_pretraining_seen_genus	71	62	0.5325043201446533	0.734375	0.8296703296703297	0.58984375	0.87890625	0.6894977168949771	0.734375	0.4896531831411287	0.8124580383300781	0.8283527557729181	0.19465368117144155	0.13046404225391145	302	450	62	210	1024	1.0	0.0							A2
promoter_TSS	binary	CropGenomeFM_step19000_continuation	512	downstream_cold_genus_pretraining_seen_genus	97	62	0.5325043201446533	0.734375	0.8296703296703297	0.58984375	0.87890625	0.6894977168949771	0.734375	0.4896531831411287	0.8124580383300781	0.8283527557729181	0.19465368117144155	0.13046404225391145	302	450	62	210	1024	1.0	0.0							A2
TES_polyA	binary	CropGenomeFM_step19000_continuation	512	downstream_cold_genus_pretraining_seen_genus	13	51	0.7178241014480591	0.72265625	0.8584905660377359	0.533203125	0.912109375	0.6578313253012048	0.72265625	0.4811925961690835	0.8259162902832031	0.8361486126624303	0.17849549495582262	0.08835506070490418	273	467	45	239	1024	1.0	0.0							A3
TES_polyA	binary	CropGenomeFM_step19000_continuation	512	downstream_cold_genus_pretraining_seen_genus	29	51	0.7178241014480591	0.72265625	0.8584905660377359	0.533203125	0.912109375	0.6578313253012048	0.72265625	0.4811925961690835	0.8259162902832031	0.8361486126624303	0.17849549495582262	0.08835506070490418	273	467	45	239	1024	1.0	0.0							A3
TES_polyA	binary	CropGenomeFM_step19000_continuation	512	downstream_cold_genus_pretraining_seen_genus	43	51	0.7178241014480591	0.72265625	0.8584905660377359	0.533203125	0.912109375	0.6578313253012048	0.72265625	0.4811925961690835	0.8259162902832031	0.8361486126624303	0.17849549495582262	0.08835506070490418	273	467	45	239	1024	1.0	0.0							A3
TES_polyA	binary	CropGenomeFM_step19000_continuation	512	downstream_cold_genus_pretraining_seen_genus	71	51	0.7178241014480591	0.72265625	0.8584905660377359	0.533203125	0.912109375	0.6578313253012048	0.72265625	0.4811925961690835	0.8259162902832031	0.8361486126624303	0.17849549495582262	0.08835506070490418	273	467	45	239	1024	1.0	0.0							A3
TES_polyA	binary	CropGenomeFM_step19000_continuation	512	downstream_cold_genus_pretraining_seen_genus	97	51	0.7178241014480591	0.72265625	0.8584905660377359	0.533203125	0.912109375	0.6578313253012048	0.72265625	0.4811925961690835	0.8259162902832031	0.8361486126624303	0.17849549495582262	0.08835506070490418	273	467	45	239	1024	1.0	0.0							A3
splice_donor_acceptor	binary	CropGenomeFM_step19000_continuation	2048	downstream_cold_genus_pretraining_seen_genus	13	127	0.8499999999999999	0.8291015625	0.9493333333333334	0.6953125	0.962890625	0.8027057497181511	0.8291015625	0.6831120064483406	0.9011993408203125	0.9246769326607216	0.12550712252479038	0.058560181660823184	356	493	19	156	1024	1.0	3.695487976074219e-05							A1
splice_donor_acceptor	binary	CropGenomeFM_step19000_continuation	2048	downstream_cold_genus_pretraining_seen_genus	29	127	0.8499999999999999	0.8291015625	0.9493333333333334	0.6953125	0.962890625	0.8027057497181511	0.8291015625	0.6831120064483406	0.9011993408203125	0.9246769326607216	0.12550712252479038	0.058560181660823184	356	493	19	156	1024	1.0	3.695487976074219e-05							A1
splice_donor_acceptor	binary	CropGenomeFM_step19000_continuation	2048	downstream_cold_genus_pretraining_seen_genus	43	127	0.8499999999999999	0.8291015625	0.9493333333333334	0.6953125	0.962890625	0.8027057497181511	0.8291015625	0.6831120064483406	0.9011993408203125	0.9246769326607216	0.12550712252479038	0.058560181660823184	356	493	19	156	1024	1.0	3.695487976074219e-05							A1
splice_donor_acceptor	binary	CropGenomeFM_step19000_continuation	2048	downstream_cold_genus_pretraining_seen_genus	71	127	0.8499999999999999	0.8291015625	0.9493333333333334	0.6953125	0.962890625	0.8027057497181511	0.8291015625	0.6831120064483406	0.9011993408203125	0.9246769326607216	0.12550712252479038	0.058560181660823184	356	493	19	156	1024	1.0	3.695487976074219e-05							A1
splice_donor_acceptor	binary	CropGenomeFM_step19000_continuation	2048	downstream_cold_genus_pretraining_seen_genus	97	127	0.8499999999999999	0.8291015625	0.9493333333333334	0.6953125	0.962890625	0.8027057497181511	0.8291015625	0.6831120064483406	0.9011993408203125	0.9246769326607216	0.12550712252479038	0.058560181660823184	356	493	19	156	1024	1.0	3.695487976074219e-05							A1
promoter_TSS	binary	CropGenomeFM_step19000_continuation	2048	downstream_cold_genus_pretraining_seen_genus	13	81	0.4411616623401642	0.79296875	0.8676470588235294	0.69140625	0.89453125	0.7695652173913045	0.79296875	0.5984127209279335	0.8814811706542969	0.8892438338390596	0.15835064805273064	0.1212425890264596	354	458	54	158	1024	1.0	1.1205673217773438e-05							A2
promoter_TSS	binary	CropGenomeFM_step19000_continuation	2048	downstream_cold_genus_pretraining_seen_genus	29	81	0.4411616623401642	0.79296875	0.8676470588235294	0.69140625	0.89453125	0.7695652173913045	0.79296875	0.5984127209279335	0.8814811706542969	0.8892438338390596	0.15835064805273064	0.1212425890264596	354	458	54	158	1024	1.0	1.1205673217773438e-05							A2
promoter_TSS	binary	CropGenomeFM_step19000_continuation	2048	downstream_cold_genus_pretraining_seen_genus	43	81	0.4411616623401642	0.79296875	0.8676470588235294	0.69140625	0.89453125	0.7695652173913045	0.79296875	0.5984127209279335	0.8814811706542969	0.8892438338390596	0.15835064805273064	0.1212425890264596	354	458	54	158	1024	1.0	1.1205673217773438e-05							A2
promoter_TSS	binary	CropGenomeFM_step19000_continuation	2048	downstream_cold_genus_pretraining_seen_genus	71	81	0.4411616623401642	0.79296875	0.8676470588235294	0.69140625	0.89453125	0.7695652173913045	0.79296875	0.5984127209279335	0.8814811706542969	0.8892438338390596	0.15835064805273064	0.1212425890264596	354	458	54	158	1024	1.0	1.1205673217773438e-05							A2
promoter_TSS	binary	CropGenomeFM_step19000_continuation	2048	downstream_cold_genus_pretraining_seen_genus	97	81	0.4411616623401642	0.79296875	0.8676470588235294	0.69140625	0.89453125	0.7695652173913045	0.79296875	0.5984127209279335	0.8814811706542969	0.8892438338390596	0.15835064805273064	0.1212425890264596	354	458	54	158	1024	1.0	1.1205673217773438e-05							A2
TES_polyA	binary	CropGenomeFM_step19000_continuation	2048	downstream_cold_genus_pretraining_seen_genus	13	73	0.5795396566390991	0.802734375	0.9166666666666666	0.666015625	0.939453125	0.7714932126696833	0.802734375	0.629457519548504	0.8987197875976562	0.9075286207470065	0.1353488992944898	0.08408119132201364	341	481	31	171	1024	1.0	6.9141387939453125e-06							A3
TES_polyA	binary	CropGenomeFM_step19000_continuation	2048	downstream_cold_genus_pretraining_seen_genus	29	73	0.5795396566390991	0.802734375	0.9166666666666666	0.666015625	0.939453125	0.7714932126696833	0.802734375	0.629457519548504	0.8987197875976562	0.9075286207470065	0.1353488992944898	0.08408119132201364	341	481	31	171	1024	1.0	6.9141387939453125e-06							A3
TES_polyA	binary	CropGenomeFM_step19000_continuation	2048	downstream_cold_genus_pretraining_seen_genus	43	73	0.5795396566390991	0.802734375	0.9166666666666666	0.666015625	0.939453125	0.7714932126696833	0.802734375	0.629457519548504	0.8987197875976562	0.9075286207470065	0.1353488992944898	0.08408119132201364	341	481	31	171	1024	1.0	6.9141387939453125e-06							A3
TES_polyA	binary	CropGenomeFM_step19000_continuation	2048	downstream_cold_genus_pretraining_seen_genus	71	73	0.5795396566390991	0.802734375	0.9166666666666666	0.666015625	0.939453125	0.7714932126696833	0.802734375	0.629457519548504	0.8987197875976562	0.9075286207470065	0.1353488992944898	0.08408119132201364	341	481	31	171	1024	1.0	6.9141387939453125e-06							A3
TES_polyA	binary	CropGenomeFM_step19000_continuation	2048	downstream_cold_genus_pretraining_seen_genus	97	73	0.5795396566390991	0.802734375	0.9166666666666666	0.666015625	0.939453125	0.7714932126696833	0.802734375	0.629457519548504	0.8987197875976562	0.9075286207470065	0.1353488992944898	0.08408119132201364	341	481	31	171	1024	1.0	6.9141387939453125e-06							A3
splice_donor_acceptor	binary	CropGenomeFM_step19000_continuation	8192	downstream_cold_genus_pretraining_seen_genus	13	89	0.71	0.8134765625	0.8848920863309353	0.720703125	0.90625	0.7944025834230356	0.8134765625	0.638032291488947	0.8867683410644531	0.9014501647036124	0.1390686991910608	0.06505764050143627	369	464	48	143	1024	1.0	2.6808804250322282e-05							A1
splice_donor_acceptor	binary	CropGenomeFM_step19000_continuation	8192	low_homology_sensitivity	13	89	0.71	0.8134765625	0.8848920863309353	0.720703125	0.90625	0.7944025834230356	0.8134765625	0.638032291488947	0.8867683410644531	0.9014501647036124	0.1390686991910608	0.06505764050143627	369	464	48	143	1024	1.0	2.6808804250322282e-05							A1
splice_donor_acceptor	binary	CropGenomeFM_step19000_continuation	8192	downstream_cold_genus_pretraining_seen_genus	29	89	0.71	0.8134765625	0.8848920863309353	0.720703125	0.90625	0.7944025834230356	0.8134765625	0.638032291488947	0.8867683410644531	0.9014501647036124	0.1390686991910608	0.06505764050143627	369	464	48	143	1024	1.0	2.6808804250322282e-05							A1
splice_donor_acceptor	binary	CropGenomeFM_step19000_continuation	8192	low_homology_sensitivity	29	89	0.71	0.8134765625	0.8848920863309353	0.720703125	0.90625	0.7944025834230356	0.8134765625	0.638032291488947	0.8867683410644531	0.9014501647036124	0.1390686991910608	0.06505764050143627	369	464	48	143	1024	1.0	2.6808804250322282e-05							A1
splice_donor_acceptor	binary	CropGenomeFM_step19000_continuation	8192	downstream_cold_genus_pretraining_seen_genus	43	89	0.71	0.8134765625	0.8848920863309353	0.720703125	0.90625	0.7944025834230356	0.8134765625	0.638032291488947	0.8867683410644531	0.9014501647036124	0.1390686991910608	0.06505764050143627	369	464	48	143	1024	1.0	2.6808804250322282e-05							A1
splice_donor_acceptor	binary	CropGenomeFM_step19000_continuation	8192	low_homology_sensitivity	43	89	0.71	0.8134765625	0.8848920863309353	0.720703125	0.90625	0.7944025834230356	0.8134765625	0.638032291488947	0.8867683410644531	0.9014501647036124	0.1390686991910608	0.06505764050143627	369	464	48	143	1024	1.0	2.6808804250322282e-05							A1
splice_donor_acceptor	binary	CropGenomeFM_step19000_continuation	8192	downstream_cold_genus_pretraining_seen_genus	71	89	0.71	0.8134765625	0.8848920863309353	0.720703125	0.90625	0.7944025834230356	0.8134765625	0.638032291488947	0.8867683410644531	0.9014501647036124	0.1390686991910608	0.06505764050143627	369	464	48	143	1024	1.0	2.6808804250322282e-05							A1
splice_donor_acceptor	binary	CropGenomeFM_step19000_continuation	8192	low_homology_sensitivity	71	89	0.71	0.8134765625	0.8848920863309353	0.720703125	0.90625	0.7944025834230356	0.8134765625	0.638032291488947	0.8867683410644531	0.9014501647036124	0.1390686991910608	0.06505764050143627	369	464	48	143	1024	1.0	2.6808804250322282e-05							A1
splice_donor_acceptor	binary	CropGenomeFM_step19000_continuation	8192	downstream_cold_genus_pretraining_seen_genus	97	89	0.71	0.8134765625	0.8848920863309353	0.720703125	0.90625	0.7944025834230356	0.8134765625	0.638032291488947	0.8867683410644531	0.9014501647036124	0.1390686991910608	0.06505764050143627	369	464	48	143	1024	1.0	2.6808804250322282e-05							A1
splice_donor_acceptor	binary	CropGenomeFM_step19000_continuation	8192	low_homology_sensitivity	97	89	0.71	0.8134765625	0.8848920863309353	0.720703125	0.90625	0.7944025834230356	0.8134765625	0.638032291488947	0.8867683410644531	0.9014501647036124	0.1390686991910608	0.06505764050143627	369	464	48	143	1024	1.0	2.6808804250322282e-05							A1
promoter_TSS	binary	CropGenomeFM_step19000_continuation	8192	downstream_cold_genus_pretraining_seen_genus	13	61	0.615	0.78125	0.9022346368715084	0.630859375	0.931640625	0.7425287356321839	0.78125	0.5898123471595395	0.8909454345703125	0.8935701814618804	0.14592596999086094	0.10153043550246821	323	477	35	189	1024	1.0	1.919269561767578e-05							A2
promoter_TSS	binary	CropGenomeFM_step19000_continuation	8192	low_homology_sensitivity	13	61	0.615	0.78125	0.9022346368715084	0.630859375	0.931640625	0.7425287356321839	0.78125	0.5898123471595395	0.8909454345703125	0.8935701814618804	0.14592596999086094	0.10153043550246821	323	477	35	189	1024	1.0	1.919269561767578e-05							A2
promoter_TSS	binary	CropGenomeFM_step19000_continuation	8192	downstream_cold_genus_pretraining_seen_genus	29	61	0.615	0.78125	0.9022346368715084	0.630859375	0.931640625	0.7425287356321839	0.78125	0.5898123471595395	0.8909454345703125	0.8935701814618804	0.14592596999086094	0.10153043550246821	323	477	35	189	1024	1.0	1.919269561767578e-05							A2
promoter_TSS	binary	CropGenomeFM_step19000_continuation	8192	low_homology_sensitivity	29	61	0.615	0.78125	0.9022346368715084	0.630859375	0.931640625	0.7425287356321839	0.78125	0.5898123471595395	0.8909454345703125	0.8935701814618804	0.14592596999086094	0.10153043550246821	323	477	35	189	1024	1.0	1.919269561767578e-05							A2
promoter_TSS	binary	CropGenomeFM_step19000_continuation	8192	downstream_cold_genus_pretraining_seen_genus	43	61	0.615	0.78125	0.9022346368715084	0.630859375	0.931640625	0.7425287356321839	0.78125	0.5898123471595395	0.8909454345703125	0.8935701814618804	0.14592596999086094	0.10153043550246821	323	477	35	189	1024	1.0	1.919269561767578e-05							A2
promoter_TSS	binary	CropGenomeFM_step19000_continuation	8192	low_homology_sensitivity	43	61	0.615	0.78125	0.9022346368715084	0.630859375	0.931640625	0.7425287356321839	0.78125	0.5898123471595395	0.8909454345703125	0.8935701814618804	0.14592596999086094	0.10153043550246821	323	477	35	189	1024	1.0	1.919269561767578e-05							A2
promoter_TSS	binary	CropGenomeFM_step19000_continuation	8192	downstream_cold_genus_pretraining_seen_genus	71	61	0.615	0.78125	0.9022346368715084	0.630859375	0.931640625	0.7425287356321839	0.78125	0.5898123471595395	0.8909454345703125	0.8935701814618804	0.14592596999086094	0.10153043550246821	323	477	35	189	1024	1.0	1.919269561767578e-05							A2
promoter_TSS	binary	CropGenomeFM_step19000_continuation	8192	low_homology_sensitivity	71	61	0.615	0.78125	0.9022346368715084	0.630859375	0.931640625	0.7425287356321839	0.78125	0.5898123471595395	0.8909454345703125	0.8935701814618804	0.14592596999086094	0.10153043550246821	323	477	35	189	1024	1.0	1.919269561767578e-05							A2
promoter_TSS	binary	CropGenomeFM_step19000_continuation	8192	downstream_cold_genus_pretraining_seen_genus	97	61	0.615	0.78125	0.9022346368715084	0.630859375	0.931640625	0.7425287356321839	0.78125	0.5898123471595395	0.8909454345703125	0.8935701814618804	0.14592596999086094	0.10153043550246821	323	477	35	189	1024	1.0	1.919269561767578e-05							A2
promoter_TSS	binary	CropGenomeFM_step19000_continuation	8192	low_homology_sensitivity	97	61	0.615	0.78125	0.9022346368715084	0.630859375	0.931640625	0.7425287356321839	0.78125	0.5898123471595395	0.8909454345703125	0.8935701814618804	0.14592596999086094	0.10153043550246821	323	477	35	189	1024	1.0	1.919269561767578e-05							A2
TES_polyA	binary	CropGenomeFM_step19000_continuation	8192	downstream_cold_genus_pretraining_seen_genus	13	99	0.40035027265548706	0.8251953125	0.8810068649885584	0.751953125	0.8984375	0.8113804004214964	0.8251953125	0.6574829035448745	0.9003219604492188	0.9109607642365867	0.13738517594170097	0.10001959750963325	385	460	52	127	1024	1.0	1.800060272216797e-05							A3
TES_polyA	binary	CropGenomeFM_step19000_continuation	8192	low_homology_sensitivity	13	99	0.40035027265548706	0.8251953125	0.8810068649885584	0.751953125	0.8984375	0.8113804004214964	0.8251953125	0.6574829035448745	0.9003219604492188	0.9109607642365867	0.13738517594170097	0.10001959750963325	385	460	52	127	1024	1.0	1.800060272216797e-05							A3
TES_polyA	binary	CropGenomeFM_step19000_continuation	8192	downstream_cold_genus_pretraining_seen_genus	29	99	0.40035027265548706	0.8251953125	0.8810068649885584	0.751953125	0.8984375	0.8113804004214964	0.8251953125	0.6574829035448745	0.9003219604492188	0.9109607642365867	0.13738517594170097	0.10001959750963325	385	460	52	127	1024	1.0	1.800060272216797e-05							A3
TES_polyA	binary	CropGenomeFM_step19000_continuation	8192	low_homology_sensitivity	29	99	0.40035027265548706	0.8251953125	0.8810068649885584	0.751953125	0.8984375	0.8113804004214964	0.8251953125	0.6574829035448745	0.9003219604492188	0.9109607642365867	0.13738517594170097	0.10001959750963325	385	460	52	127	1024	1.0	1.800060272216797e-05							A3
TES_polyA	binary	CropGenomeFM_step19000_continuation	8192	downstream_cold_genus_pretraining_seen_genus	43	99	0.40035027265548706	0.8251953125	0.8810068649885584	0.751953125	0.8984375	0.8113804004214964	0.8251953125	0.6574829035448745	0.9003219604492188	0.9109607642365867	0.13738517594170097	0.10001959750963325	385	460	52	127	1024	1.0	1.800060272216797e-05							A3
TES_polyA	binary	CropGenomeFM_step19000_continuation	8192	low_homology_sensitivity	43	99	0.40035027265548706	0.8251953125	0.8810068649885584	0.751953125	0.8984375	0.8113804004214964	0.8251953125	0.6574829035448745	0.9003219604492188	0.9109607642365867	0.13738517594170097	0.10001959750963325	385	460	52	127	1024	1.0	1.800060272216797e-05							A3
TES_polyA	binary	CropGenomeFM_step19000_continuation	8192	downstream_cold_genus_pretraining_seen_genus	71	99	0.40035027265548706	0.8251953125	0.8810068649885584	0.751953125	0.8984375	0.8113804004214964	0.8251953125	0.6574829035448745	0.9003219604492188	0.9109607642365867	0.13738517594170097	0.10001959750963325	385	460	52	127	1024	1.0	1.800060272216797e-05							A3
TES_polyA	binary	CropGenomeFM_step19000_continuation	8192	low_homology_sensitivity	71	99	0.40035027265548706	0.8251953125	0.8810068649885584	0.751953125	0.8984375	0.8113804004214964	0.8251953125	0.6574829035448745	0.9003219604492188	0.9109607642365867	0.13738517594170097	0.10001959750963325	385	460	52	127	1024	1.0	1.800060272216797e-05							A3
TES_polyA	binary	CropGenomeFM_step19000_continuation	8192	downstream_cold_genus_pretraining_seen_genus	97	99	0.40035027265548706	0.8251953125	0.8810068649885584	0.751953125	0.8984375	0.8113804004214964	0.8251953125	0.6574829035448745	0.9003219604492188	0.9109607642365867	0.13738517594170097	0.10001959750963325	385	460	52	127	1024	1.0	1.800060272216797e-05							A3
TES_polyA	binary	CropGenomeFM_step19000_continuation	8192	low_homology_sensitivity	97	99	0.40035027265548706	0.8251953125	0.8810068649885584	0.751953125	0.8984375	0.8113804004214964	0.8251953125	0.6574829035448745	0.9003219604492188	0.9109607642365867	0.13738517594170097	0.10001959750963325	385	460	52	127	1024	1.0	1.800060272216797e-05							A3
lncrna_multispecies	binary	CropGenomeFM_step19000_continuation	512	official_dataset_split	13	124	0.430564284324646	0.6561115668580804	0.6342985521717424	0.8010718789407314	0.49880260006842286	0.7079966564502648	0.6499372395045772	0.3156427445608485	0.7139109355336788	0.7091330216028987	0.21437134445305234	0.024487061397832598	2541	1458	1465	631	6095	1.0	0.00014588511839974672							A4
lncrna_multispecies	binary	CropGenomeFM_step19000_continuation	512	official_dataset_split	29	124	0.430564284324646	0.6561115668580804	0.6342985521717424	0.8010718789407314	0.49880260006842286	0.7079966564502648	0.6499372395045772	0.3156427445608485	0.7139109355336788	0.7091330216028987	0.21437134445305234	0.024487061397832598	2541	1458	1465	631	6095	1.0	0.00014588511839974672							A4
lncrna_multispecies	binary	CropGenomeFM_step19000_continuation	512	official_dataset_split	43	124	0.430564284324646	0.6561115668580804	0.6342985521717424	0.8010718789407314	0.49880260006842286	0.7079966564502648	0.6499372395045772	0.3156427445608485	0.7139109355336788	0.7091330216028987	0.21437134445305234	0.024487061397832598	2541	1458	1465	631	6095	1.0	0.00014588511839974672							A4
lncrna_multispecies	binary	CropGenomeFM_step19000_continuation	512	official_dataset_split	71	124	0.430564284324646	0.6561115668580804	0.6342985521717424	0.8010718789407314	0.49880260006842286	0.7079966564502648	0.6499372395045772	0.3156427445608485	0.7139109355336788	0.7091330216028987	0.21437134445305234	0.024487061397832598	2541	1458	1465	631	6095	1.0	0.00014588511839974672							A4
lncrna_multispecies	binary	CropGenomeFM_step19000_continuation	512	official_dataset_split	97	124	0.430564284324646	0.6561115668580804	0.6342985521717424	0.8010718789407314	0.49880260006842286	0.7079966564502648	0.6499372395045772	0.3156427445608485	0.7139109355336788	0.7091330216028987	0.21437134445305234	0.024487061397832598	2541	1458	1465	631	6095	1.0	0.00014588511839974672							A4
enhancer_cassava_proseq	binary	CropGenomeFM_step19000_continuation	512	official_dataset_split	13	59	0.427803099155426	0.7327586206896551	0.7069767441860465	0.769620253164557	0.697841726618705	0.7369696969696969	0.733730989891631	0.46810896661233037	0.8198888990073764	0.8053560141341018	0.173409093112791	0.033826850916963205	304	291	126	91	812	1.0	0.0							A5
enhancer_cassava_proseq	binary	CropGenomeFM_step19000_continuation	512	official_dataset_split	29	59	0.427803099155426	0.7327586206896551	0.7069767441860465	0.769620253164557	0.697841726618705	0.7369696969696969	0.733730989891631	0.46810896661233037	0.8198888990073764	0.8053560141341018	0.173409093112791	0.033826850916963205	304	291	126	91	812	1.0	0.0							A5
enhancer_cassava_proseq	binary	CropGenomeFM_step19000_continuation	512	official_dataset_split	43	59	0.427803099155426	0.7327586206896551	0.7069767441860465	0.769620253164557	0.697841726618705	0.7369696969696969	0.733730989891631	0.46810896661233037	0.8198888990073764	0.8053560141341018	0.173409093112791	0.033826850916963205	304	291	126	91	812	1.0	0.0							A5
enhancer_cassava_proseq	binary	CropGenomeFM_step19000_continuation	512	official_dataset_split	71	59	0.427803099155426	0.7327586206896551	0.7069767441860465	0.769620253164557	0.697841726618705	0.7369696969696969	0.733730989891631	0.46810896661233037	0.8198888990073764	0.8053560141341018	0.173409093112791	0.033826850916963205	304	291	126	91	812	1.0	0.0							A5
enhancer_cassava_proseq	binary	CropGenomeFM_step19000_continuation	512	official_dataset_split	97	59	0.427803099155426	0.7327586206896551	0.7069767441860465	0.769620253164557	0.697841726618705	0.7369696969696969	0.733730989891631	0.46810896661233037	0.8198888990073764	0.8053560141341018	0.173409093112791	0.033826850916963205	304	291	126	91	812	1.0	0.0							A5
gene_expression_glycine_max	multi_regression	CropGenomeFM_step19000_continuation	512	official_dataset_split	deterministic_ridge																		4803	1.0	0.0	100.0	0.12934572658514298	0.1165949264045	0.010161704509464964	2.411265843640595	2.7830362943595586	A6
gene_expression_oryza_sativa	multi_regression	CropGenomeFM_step19000_continuation	512	official_dataset_split	deterministic_ridge																		3702	1.0	0.0	100.0	0.0777148813436261	0.06933216114808145	-0.008472871726672946	3.270192115355225	3.7502759151655947	A7
gene_expression_zea_mays	multi_regression	CropGenomeFM_step19000_continuation	512	official_dataset_split	deterministic_ridge																		4483	1.0	0.0	100.0	0.1548111775908661	0.1479693134527932	0.01779378061792584	3.453286696071601	3.8918775125673557	A8
gene_expression_solanum_lycopersicum	multi_regression	CropGenomeFM_step19000_continuation	512	official_dataset_split	deterministic_ridge																		3827	1.0	0.0	100.0	0.24576442292066142	0.242320763210089	0.056269798704304465	3.543050600960948	4.012590018276377	A9
gene_expression_arabidopsis_thaliana	multi_regression	CropGenomeFM_step19000_continuation	512	official_dataset_split	deterministic_ridge																		3402	1.0	6.756779475836083e-05	100.0	0.09748723010291085	0.09171991598749793	-0.002774528773274879	3.8936416400086378	4.361707797148577	A10
lncrna_multispecies	binary	CropGenomeFM_step19000_continuation	6000	official_dataset_split	13	84	0.435516357421875	0.6593929450369155	0.641091658084449	0.7849936948297604	0.5230927129661307	0.70578231292517	0.6540432038979456	0.3201249720527907	0.7179886959924312	0.7149463044822296	0.21377938429751955	0.027646340601760487	2490	1529	1394	682	6095	1.0	7.21005960713228e-07							A4
lncrna_multispecies	binary	CropGenomeFM_step19000_continuation	6000	official_dataset_split	29	84	0.435516357421875	0.6593929450369155	0.641091658084449	0.7849936948297604	0.5230927129661307	0.70578231292517	0.6540432038979456	0.3201249720527907	0.7179886959924312	0.7149463044822296	0.21377938429751955	0.027646340601760487	2490	1529	1394	682	6095	1.0	7.21005960713228e-07							A4
lncrna_multispecies	binary	CropGenomeFM_step19000_continuation	6000	official_dataset_split	43	84	0.435516357421875	0.6593929450369155	0.641091658084449	0.7849936948297604	0.5230927129661307	0.70578231292517	0.6540432038979456	0.3201249720527907	0.7179886959924312	0.7149463044822296	0.21377938429751955	0.027646340601760487	2490	1529	1394	682	6095	1.0	7.21005960713228e-07							A4
lncrna_multispecies	binary	CropGenomeFM_step19000_continuation	6000	official_dataset_split	71	84	0.435516357421875	0.6593929450369155	0.641091658084449	0.7849936948297604	0.5230927129661307	0.70578231292517	0.6540432038979456	0.3201249720527907	0.7179886959924312	0.7149463044822296	0.21377938429751955	0.027646340601760487	2490	1529	1394	682	6095	1.0	7.21005960713228e-07							A4
lncrna_multispecies	binary	CropGenomeFM_step19000_continuation	6000	official_dataset_split	97	84	0.435516357421875	0.6593929450369155	0.641091658084449	0.7849936948297604	0.5230927129661307	0.70578231292517	0.6540432038979456	0.3201249720527907	0.7179886959924312	0.7149463044822296	0.21377938429751955	0.027646340601760487	2490	1529	1394	682	6095	1.0	7.21005960713228e-07							A4
enhancer_cassava_proseq	binary	CropGenomeFM_step19000_continuation	6000	official_dataset_split	13	151	0.419969767332077	0.7647783251231527	0.7350230414746544	0.8075949367088607	0.7242206235011991	0.7696019300361882	0.7659077801050299	0.5328891167386995	0.844634672009228	0.8307910375613905	0.16183983720175998	0.04419235658248097	319	302	115	76	812	1.0	0.0							A5
enhancer_cassava_proseq	binary	CropGenomeFM_step19000_continuation	6000	official_dataset_split	29	151	0.419969767332077	0.7647783251231527	0.7350230414746544	0.8075949367088607	0.7242206235011991	0.7696019300361882	0.7659077801050299	0.5328891167386995	0.844634672009228	0.8307910375613905	0.16183983720175998	0.04419235658248097	319	302	115	76	812	1.0	0.0							A5
enhancer_cassava_proseq	binary	CropGenomeFM_step19000_continuation	6000	official_dataset_split	43	151	0.419969767332077	0.7647783251231527	0.7350230414746544	0.8075949367088607	0.7242206235011991	0.7696019300361882	0.7659077801050299	0.5328891167386995	0.844634672009228	0.8307910375613905	0.16183983720175998	0.04419235658248097	319	302	115	76	812	1.0	0.0							A5
enhancer_cassava_proseq	binary	CropGenomeFM_step19000_continuation	6000	official_dataset_split	71	151	0.419969767332077	0.7647783251231527	0.7350230414746544	0.8075949367088607	0.7242206235011991	0.7696019300361882	0.7659077801050299	0.5328891167386995	0.844634672009228	0.8307910375613905	0.16183983720175998	0.04419235658248097	319	302	115	76	812	1.0	0.0							A5
enhancer_cassava_proseq	binary	CropGenomeFM_step19000_continuation	6000	official_dataset_split	97	151	0.419969767332077	0.7647783251231527	0.7350230414746544	0.8075949367088607	0.7242206235011991	0.7696019300361882	0.7659077801050299	0.5328891167386995	0.844634672009228	0.8307910375613905	0.16183983720175998	0.04419235658248097	319	302	115	76	812	1.0	0.0							A5
gene_expression_glycine_max	multi_regression	CropGenomeFM_step19000_continuation	6000	official_dataset_split	deterministic_ridge																		4803	1.0	1.4458382793236524e-05	100.0	0.5761245236533671	0.598413331878173	0.33189073811746345	1.827508979153085	2.2863200833707933	A6
gene_expression_oryza_sativa	multi_regression	CropGenomeFM_step19000_continuation	6000	official_dataset_split	deterministic_ridge																		3702	1.0	2.2498878024634905e-05	100.0	0.5064949242959157	0.5342269910908137	0.25584361651533405	2.619971423790904	3.2227613016837955	A7
gene_expression_zea_mays	multi_regression	CropGenomeFM_step19000_continuation	6000	official_dataset_split	deterministic_ridge																		4483	1.0	1.381285437673796e-05	100.0	0.6507714264838775	0.6601378330556505	0.4233519579469765	2.3969012343608003	2.9831016711785945	A8
gene_expression_solanum_lycopersicum	multi_regression	CropGenomeFM_step19000_continuation	6000	official_dataset_split	deterministic_ridge																		3827	1.0	2.2913143766345456e-05	10.0	0.5911702089193247	0.602461578298069	0.34824615814820103	2.715226405639389	3.3346104390472577	A9
gene_expression_arabidopsis_thaliana	multi_regression	CropGenomeFM_step19000_continuation	6000	official_dataset_split	deterministic_ridge																		3402	1.0	1.6828624211484566e-05	100.0	0.5652409723044307	0.5821368211117388	0.3193483499730805	2.95011007314559	3.5943900989718296	A10
