panel	context_bp	task_group	model_id	metric	value	seed_scope
core_3_task_macro	512	3 binary structure tasks	1mer_linear_probe	macro AUPRC	0.59071312	5 probe seeds
core_3_task_macro	512	3 binary structure tasks	3mer_linear_probe	macro AUPRC	0.69208465	5 probe seeds
core_3_task_macro	512	3 binary structure tasks	6mer_linear_probe	macro AUPRC	0.67242984	5 probe seeds
core_3_task_macro	512	3 binary structure tasks	AgroNT_1B	macro AUPRC	0.81148688	5 probe seeds
core_3_task_macro	512	3 binary structure tasks	Caduceus_PS_131k	macro AUPRC	0.74656447	5 probe seeds
core_3_task_macro	512	3 binary structure tasks	CropGenomeFM_random_init	macro AUPRC	0.66851007	5 probe seeds
core_3_task_macro	512	3 binary structure tasks	CropGenomeFM_step14000	macro AUPRC	0.83275809	5 probe seeds
core_3_task_macro	512	3 binary structure tasks	DNABERT2_117M	macro AUPRC	0.74357438	5 probe seeds
core_3_task_macro	512	3 binary structure tasks	Evo2_1B_base	macro AUPRC	0.58255474	5 probe seeds
core_3_task_macro	512	3 binary structure tasks	HyenaDNA_medium_160k	macro AUPRC	0.75037223	5 probe seeds
core_3_task_macro	512	3 binary structure tasks	NTv2_100M_multi_species	macro AUPRC	0.77191014	5 probe seeds
core_3_task_macro	512	3 binary structure tasks	PlantCAD2_Small	macro AUPRC	0.84499447	5 probe seeds
core_3_task_macro	512	3 binary structure tasks	PlantCaduceus_l32	macro AUPRC	0.84452280	5 probe seeds
core_3_task_macro	512	3 binary structure tasks	central_33bp_linear_probe	macro AUPRC	0.75815537	5 probe seeds
core_3_task_macro	512	3 binary structure tasks	composition_linear_probe	macro AUPRC	0.61297835	5 probe seeds
core_3_task_macro	512	3 binary structure tasks	majority_baseline	macro AUPRC	0.30734086	5 probe seeds
core_3_task_macro	2048	3 binary structure tasks	1mer_linear_probe	macro AUPRC	0.54846223	5 probe seeds
core_3_task_macro	2048	3 binary structure tasks	3mer_linear_probe	macro AUPRC	0.66752083	5 probe seeds
core_3_task_macro	2048	3 binary structure tasks	6mer_linear_probe	macro AUPRC	0.62139584	5 probe seeds
core_3_task_macro	2048	3 binary structure tasks	AgroNT_1B	macro AUPRC	0.85141713	5 probe seeds
core_3_task_macro	2048	3 binary structure tasks	Caduceus_PS_131k	macro AUPRC	0.77411981	5 probe seeds
core_3_task_macro	2048	3 binary structure tasks	CropGenomeFM_random_init	macro AUPRC	0.70016275	5 probe seeds
core_3_task_macro	2048	3 binary structure tasks	CropGenomeFM_step14000	macro AUPRC	0.88345301	5 probe seeds
core_3_task_macro	2048	3 binary structure tasks	Evo2_1B_base	macro AUPRC	0.60334073	5 probe seeds
core_3_task_macro	2048	3 binary structure tasks	HyenaDNA_medium_160k	macro AUPRC	0.77115811	5 probe seeds
core_3_task_macro	2048	3 binary structure tasks	NTv2_100M_multi_species	macro AUPRC	0.81285534	5 probe seeds
core_3_task_macro	2048	3 binary structure tasks	PlantCAD2_Small	macro AUPRC	0.84890290	5 probe seeds
core_3_task_macro	2048	3 binary structure tasks	PlantCaduceus_l32	macro AUPRC	0.84795656	5 probe seeds
core_3_task_macro	2048	3 binary structure tasks	central_33bp_linear_probe	macro AUPRC	0.75815537	5 probe seeds
core_3_task_macro	2048	3 binary structure tasks	composition_linear_probe	macro AUPRC	0.56842971	5 probe seeds
core_3_task_macro	2048	3 binary structure tasks	majority_baseline	macro AUPRC	0.30734086	5 probe seeds
core_3_task_macro	8192	3 binary structure tasks	1mer_linear_probe	macro AUPRC	0.53996485	5 probe seeds
core_3_task_macro	8192	3 binary structure tasks	3mer_linear_probe	macro AUPRC	0.65794611	5 probe seeds
core_3_task_macro	8192	3 binary structure tasks	6mer_linear_probe	macro AUPRC	0.60667375	5 probe seeds
core_3_task_macro	8192	3 binary structure tasks	Caduceus_PS_131k	macro AUPRC	0.77168201	5 probe seeds
core_3_task_macro	8192	3 binary structure tasks	CropGenomeFM_random_init	macro AUPRC	0.70651665	5 probe seeds
core_3_task_macro	8192	3 binary structure tasks	CropGenomeFM_step14000	macro AUPRC	0.85489774	5 probe seeds
core_3_task_macro	8192	3 binary structure tasks	Evo2_1B_base	macro AUPRC	0.53856423	5 probe seeds
core_3_task_macro	8192	3 binary structure tasks	HyenaDNA_medium_160k	macro AUPRC	0.68637904	5 probe seeds
core_3_task_macro	8192	3 binary structure tasks	PlantCAD2_Small	macro AUPRC	0.81443292	5 probe seeds
core_3_task_macro	8192	3 binary structure tasks	PlantCaduceus_l32	macro AUPRC	0.82224536	5 probe seeds
core_3_task_macro	8192	3 binary structure tasks	central_33bp_linear_probe	macro AUPRC	0.75815537	5 probe seeds
core_3_task_macro	8192	3 binary structure tasks	composition_linear_probe	macro AUPRC	0.54451047	5 probe seeds
core_3_task_macro	8192	3 binary structure tasks	majority_baseline	macro AUPRC	0.30734086	5 probe seeds
external_group_macro	512	2 binary tasks	AgroNT_1B	macro AUPRC	0.72087295	5 probe seeds in source; primary seed13 values identical across seeds
external_group_macro	512	5 expression tasks	AgroNT_1B	macro Pearson	0.12268027	deterministic ridge; seed13
external_group_macro	512	2 binary tasks	Caduceus_PS_131k	macro AUPRC	0.68598334	5 probe seeds in source; primary seed13 values identical across seeds
external_group_macro	512	5 expression tasks	Caduceus_PS_131k	macro Pearson	0.12492094	deterministic ridge; seed13
external_group_macro	512	2 binary tasks	CropGenomeFM_random_init	macro AUPRC	0.65333328	5 probe seeds in source; primary seed13 values identical across seeds
external_group_macro	512	5 expression tasks	CropGenomeFM_random_init	macro Pearson	0.11217754	deterministic ridge; seed13
external_group_macro	512	2 binary tasks	CropGenomeFM_step14000	macro AUPRC	0.73946049	5 probe seeds in source; primary seed13 values identical across seeds
external_group_macro	512	5 expression tasks	CropGenomeFM_step14000	macro Pearson	0.14477076	deterministic ridge; seed13
external_group_macro	512	2 binary tasks	DNABERT2_117M	macro AUPRC	0.69871062	5 probe seeds in source; primary seed13 values identical across seeds
external_group_macro	512	5 expression tasks	DNABERT2_117M	macro Pearson	0.11623551	deterministic ridge; seed13
external_group_macro	512	2 binary tasks	Evo2_1B_base	macro AUPRC	0.54434492	5 probe seeds in source; primary seed13 values identical across seeds
external_group_macro	512	5 expression tasks	Evo2_1B_base	macro Pearson	0.08647849	deterministic ridge; seed13
external_group_macro	512	2 binary tasks	HyenaDNA_medium_160k	macro AUPRC	0.65421083	5 probe seeds in source; primary seed13 values identical across seeds
external_group_macro	512	5 expression tasks	HyenaDNA_medium_160k	macro Pearson	0.11264277	deterministic ridge; seed13
external_group_macro	512	2 binary tasks	NTv2_100M_multi_species	macro AUPRC	0.69858846	5 probe seeds in source; primary seed13 values identical across seeds
external_group_macro	512	5 expression tasks	NTv2_100M_multi_species	macro Pearson	0.11712166	deterministic ridge; seed13
external_group_macro	512	2 binary tasks	PlantCAD2_Small	macro AUPRC	0.79955587	5 probe seeds in source; primary seed13 values identical across seeds
external_group_macro	512	5 expression tasks	PlantCAD2_Small	macro Pearson	0.17815878	deterministic ridge; seed13
external_group_macro	512	2 binary tasks	PlantCaduceus_l32	macro AUPRC	0.78439160	5 probe seeds in source; primary seed13 values identical across seeds
external_group_macro	512	5 expression tasks	PlantCaduceus_l32	macro Pearson	0.18322380	deterministic ridge; seed13
external_group_macro	6000	2 binary tasks	Caduceus_PS_131k	macro AUPRC	0.69340768	5 probe seeds in source; primary seed13 values identical across seeds
external_group_macro	6000	5 expression tasks	Caduceus_PS_131k	macro Pearson	0.44403955	deterministic ridge; seed13
external_group_macro	6000	2 binary tasks	CropGenomeFM_random_init	macro AUPRC	0.63740934	5 probe seeds in source; primary seed13 values identical across seeds
external_group_macro	6000	5 expression tasks	CropGenomeFM_random_init	macro Pearson	0.40586714	deterministic ridge; seed13
external_group_macro	6000	2 binary tasks	CropGenomeFM_step14000	macro AUPRC	0.76965463	5 probe seeds in source; primary seed13 values identical across seeds
external_group_macro	6000	5 expression tasks	CropGenomeFM_step14000	macro Pearson	0.56925977	deterministic ridge; seed13
external_group_macro	6000	2 binary tasks	Evo2_1B_base	macro AUPRC	0.52510276	5 probe seeds in source; primary seed13 values identical across seeds
external_group_macro	6000	5 expression tasks	Evo2_1B_base	macro Pearson	0.15321469	deterministic ridge; seed13
external_group_macro	6000	2 binary tasks	HyenaDNA_medium_160k	macro AUPRC	0.66296673	5 probe seeds in source; primary seed13 values identical across seeds
external_group_macro	6000	5 expression tasks	HyenaDNA_medium_160k	macro Pearson	0.48209623	deterministic ridge; seed13
external_group_macro	6000	2 binary tasks	PlantCAD2_Small	macro AUPRC	0.80076673	5 probe seeds in source; primary seed13 values identical across seeds
external_group_macro	6000	5 expression tasks	PlantCAD2_Small	macro Pearson	0.59199328	deterministic ridge; seed13
external_group_macro	6000	2 binary tasks	PlantCaduceus_l32	macro AUPRC	0.78993175	5 probe seeds in source; primary seed13 values identical across seeds
external_group_macro	6000	5 expression tasks	PlantCaduceus_l32	macro Pearson	0.59715188	deterministic ridge; seed13
