context_bp	task_id	method	primary_metric	value	train_fraction	n_probe_seeds	n_train	n_validation	n_test	evidence_role
512	TES_polyA	1mer_linear_probe	AUPRC	0.59800653	1.0	5	4096.0	1024	1024	formal_test
512	TES_polyA	3mer_linear_probe	AUPRC	0.74939177	1.0	5	4096.0	1024	1024	formal_test
512	TES_polyA	6mer_linear_probe	AUPRC	0.69251159	1.0	5	4096.0	1024	1024	formal_test
512	TES_polyA	AgroNT_1B	AUPRC	0.81804094	1.0	5	4096.0	1024	1024	formal_test
512	TES_polyA	Caduceus_PS_131k	AUPRC	0.74935017	1.0	5	4096.0	1024	1024	formal_test
512	TES_polyA	CropGenomeFM_random_init	AUPRC	0.66603224	1.0	5	4096.0	1024	1024	formal_test
512	TES_polyA	CropGenomeFM_step14000	AUPRC	0.80149965	1.0	5	4096.0	1024	1024	formal_test
512	TES_polyA	DNABERT2_117M	AUPRC	0.77342558	1.0	5	4096.0	1024	1024	formal_test
512	TES_polyA	Evo2_1B_base	AUPRC	0.57613728	1.0	5	4096.0	1024	1024	formal_test
512	TES_polyA	HyenaDNA_medium_160k	AUPRC	0.77746096	1.0	5	4096.0	1024	1024	formal_test
512	TES_polyA	NTv2_100M_multi_species	AUPRC	0.77970359	1.0	5	4096.0	1024	1024	formal_test
512	TES_polyA	PlantCAD2_Small	AUPRC	0.85256533	1.0	5	4096.0	1024	1024	formal_test
512	TES_polyA	PlantCaduceus_l32	AUPRC	0.86577755	1.0	5	4096.0	1024	1024	formal_test
512	TES_polyA	central_33bp_linear_probe	AUPRC	0.69973327	1.0	5	4096.0	1024	1024	formal_test
512	TES_polyA	composition_linear_probe	AUPRC	0.61406836	1.0	5	4096.0	1024	1024	formal_test
512	TES_polyA	majority_baseline	AUPRC	0.30734086	1.0	1	4096.0	1024	1024	formal_test
512	promoter_TSS	1mer_linear_probe	AUPRC	0.55550637	1.0	5	4096.0	1024	1024	formal_test
512	promoter_TSS	3mer_linear_probe	AUPRC	0.66857600	1.0	5	4096.0	1024	1024	formal_test
512	promoter_TSS	6mer_linear_probe	AUPRC	0.67168364	1.0	5	4096.0	1024	1024	formal_test
512	promoter_TSS	AgroNT_1B	AUPRC	0.82305350	1.0	5	4096.0	1024	1024	formal_test
512	promoter_TSS	Caduceus_PS_131k	AUPRC	0.75797224	1.0	5	4096.0	1024	1024	formal_test
512	promoter_TSS	CropGenomeFM_random_init	AUPRC	0.66774895	1.0	5	4096.0	1024	1024	formal_test
512	promoter_TSS	CropGenomeFM_step14000	AUPRC	0.85129545	1.0	5	4096.0	1024	1024	formal_test
512	promoter_TSS	DNABERT2_117M	AUPRC	0.73985153	1.0	5	4096.0	1024	1024	formal_test
512	promoter_TSS	Evo2_1B_base	AUPRC	0.55541713	1.0	5	4096.0	1024	1024	formal_test
512	promoter_TSS	HyenaDNA_medium_160k	AUPRC	0.77000461	1.0	5	4096.0	1024	1024	formal_test
512	promoter_TSS	NTv2_100M_multi_species	AUPRC	0.79577564	1.0	5	4096.0	1024	1024	formal_test
512	promoter_TSS	PlantCAD2_Small	AUPRC	0.86267321	1.0	5	4096.0	1024	1024	formal_test
512	promoter_TSS	PlantCaduceus_l32	AUPRC	0.86284243	1.0	5	4096.0	1024	1024	formal_test
512	promoter_TSS	central_33bp_linear_probe	AUPRC	0.72714411	1.0	5	4096.0	1024	1024	formal_test
512	promoter_TSS	composition_linear_probe	AUPRC	0.56042699	1.0	5	4096.0	1024	1024	formal_test
512	promoter_TSS	majority_baseline	AUPRC	0.30734086	1.0	1	4096.0	1024	1024	formal_test
512	splice_donor_acceptor	1mer_linear_probe	AUPRC	0.61862647	1.0	5	4096.0	1024	1024	formal_test
512	splice_donor_acceptor	3mer_linear_probe	AUPRC	0.65828619	1.0	5	4096.0	1024	1024	formal_test
512	splice_donor_acceptor	6mer_linear_probe	AUPRC	0.65309431	1.0	5	4096.0	1024	1024	formal_test
512	splice_donor_acceptor	AgroNT_1B	AUPRC	0.79336620	1.0	5	4096.0	1024	1024	formal_test
512	splice_donor_acceptor	Caduceus_PS_131k	AUPRC	0.73237100	1.0	5	4096.0	1024	1024	formal_test
512	splice_donor_acceptor	CropGenomeFM_random_init	AUPRC	0.67174903	1.0	5	4096.0	1024	1024	formal_test
512	splice_donor_acceptor	CropGenomeFM_step14000	AUPRC	0.84547917	1.0	5	4096.0	1024	1024	formal_test
512	splice_donor_acceptor	DNABERT2_117M	AUPRC	0.71744602	1.0	5	4096.0	1024	1024	formal_test
512	splice_donor_acceptor	Evo2_1B_base	AUPRC	0.61610983	1.0	5	4096.0	1024	1024	formal_test
512	splice_donor_acceptor	HyenaDNA_medium_160k	AUPRC	0.70365111	1.0	5	4096.0	1024	1024	formal_test
512	splice_donor_acceptor	NTv2_100M_multi_species	AUPRC	0.74025119	1.0	5	4096.0	1024	1024	formal_test
512	splice_donor_acceptor	PlantCAD2_Small	AUPRC	0.81974486	1.0	5	4096.0	1024	1024	formal_test
512	splice_donor_acceptor	PlantCaduceus_l32	AUPRC	0.80494844	1.0	5	4096.0	1024	1024	formal_test
512	splice_donor_acceptor	central_33bp_linear_probe	AUPRC	0.84758873	1.0	5	4096.0	1024	1024	formal_test
512	splice_donor_acceptor	composition_linear_probe	AUPRC	0.66443970	1.0	5	4096.0	1024	1024	formal_test
512	splice_donor_acceptor	majority_baseline	AUPRC	0.30734086	1.0	1	4096.0	1024	1024	formal_test
2048	TES_polyA	1mer_linear_probe	AUPRC	0.54008238	1.0	5	4096.0	1024	1024	formal_test
2048	TES_polyA	3mer_linear_probe	AUPRC	0.75904278	1.0	5	4096.0	1024	1024	formal_test
2048	TES_polyA	6mer_linear_probe	AUPRC	0.63951115	1.0	5	4096.0	1024	1024	formal_test
2048	TES_polyA	AgroNT_1B	AUPRC	0.90164203	1.0	5	4096.0	1024	1024	formal_test
2048	TES_polyA	Caduceus_PS_131k	AUPRC	0.82485056	1.0	5	4096.0	1024	1024	formal_test
2048	TES_polyA	CropGenomeFM_random_init	AUPRC	0.74316861	1.0	5	4096.0	1024	1024	formal_test
2048	TES_polyA	CropGenomeFM_step14000	AUPRC	0.90642606	1.0	5	4096.0	1024	1024	formal_test
2048	TES_polyA	Evo2_1B_base	AUPRC	0.59212713	1.0	5	4096.0	1024	1024	formal_test
2048	TES_polyA	HyenaDNA_medium_160k	AUPRC	0.83723805	1.0	5	4096.0	1024	1024	formal_test
2048	TES_polyA	NTv2_100M_multi_species	AUPRC	0.85767988	1.0	5	4096.0	1024	1024	formal_test
2048	TES_polyA	PlantCAD2_Small	AUPRC	0.90056088	1.0	5	4096.0	1024	1024	formal_test
2048	TES_polyA	PlantCaduceus_l32	AUPRC	0.90494253	1.0	5	4096.0	1024	1024	formal_test
2048	TES_polyA	central_33bp_linear_probe	AUPRC	0.69973327	1.0	5	4096.0	1024	1024	formal_test
2048	TES_polyA	composition_linear_probe	AUPRC	0.54758139	1.0	5	4096.0	1024	1024	formal_test
2048	TES_polyA	majority_baseline	AUPRC	0.30734086	1.0	1	4096.0	1024	1024	formal_test
2048	promoter_TSS	1mer_linear_probe	AUPRC	0.51079754	1.0	5	4096.0	1024	1024	formal_test
2048	promoter_TSS	3mer_linear_probe	AUPRC	0.61712112	1.0	5	4096.0	1024	1024	formal_test
2048	promoter_TSS	6mer_linear_probe	AUPRC	0.63719334	1.0	5	4096.0	1024	1024	formal_test
2048	promoter_TSS	AgroNT_1B	AUPRC	0.87215905	1.0	5	4096.0	1024	1024	formal_test
2048	promoter_TSS	Caduceus_PS_131k	AUPRC	0.80805527	1.0	5	4096.0	1024	1024	formal_test
2048	promoter_TSS	CropGenomeFM_random_init	AUPRC	0.75269154	1.0	5	4096.0	1024	1024	formal_test
2048	promoter_TSS	CropGenomeFM_step14000	AUPRC	0.88915634	1.0	5	4096.0	1024	1024	formal_test
2048	promoter_TSS	Evo2_1B_base	AUPRC	0.61624461	1.0	5	4096.0	1024	1024	formal_test
2048	promoter_TSS	HyenaDNA_medium_160k	AUPRC	0.78660263	1.0	5	4096.0	1024	1024	formal_test
2048	promoter_TSS	NTv2_100M_multi_species	AUPRC	0.84652631	1.0	5	4096.0	1024	1024	formal_test
2048	promoter_TSS	PlantCAD2_Small	AUPRC	0.88234949	1.0	5	4096.0	1024	1024	formal_test
2048	promoter_TSS	PlantCaduceus_l32	AUPRC	0.86213616	1.0	5	4096.0	1024	1024	formal_test
2048	promoter_TSS	central_33bp_linear_probe	AUPRC	0.72714411	1.0	5	4096.0	1024	1024	formal_test
2048	promoter_TSS	composition_linear_probe	AUPRC	0.50971698	1.0	5	4096.0	1024	1024	formal_test
2048	promoter_TSS	majority_baseline	AUPRC	0.30734086	1.0	1	4096.0	1024	1024	formal_test
2048	splice_donor_acceptor	1mer_linear_probe	AUPRC	0.59450678	1.0	5	4096.0	1024	1024	formal_test
2048	splice_donor_acceptor	3mer_linear_probe	AUPRC	0.62639860	1.0	5	4096.0	1024	1024	formal_test
2048	splice_donor_acceptor	6mer_linear_probe	AUPRC	0.58748303	1.0	5	4096.0	1024	1024	formal_test
2048	splice_donor_acceptor	AgroNT_1B	AUPRC	0.78045030	1.0	5	4096.0	1024	1024	formal_test
2048	splice_donor_acceptor	Caduceus_PS_131k	AUPRC	0.68945359	1.0	5	4096.0	1024	1024	formal_test
2048	splice_donor_acceptor	CropGenomeFM_random_init	AUPRC	0.60462812	1.0	5	4096.0	1024	1024	formal_test
2048	splice_donor_acceptor	CropGenomeFM_step14000	AUPRC	0.85477662	1.0	5	4096.0	1024	1024	formal_test
2048	splice_donor_acceptor	Evo2_1B_base	AUPRC	0.60165045	1.0	5	4096.0	1024	1024	formal_test
2048	splice_donor_acceptor	HyenaDNA_medium_160k	AUPRC	0.68963365	1.0	5	4096.0	1024	1024	formal_test
2048	splice_donor_acceptor	NTv2_100M_multi_species	AUPRC	0.73435983	1.0	5	4096.0	1024	1024	formal_test
2048	splice_donor_acceptor	PlantCAD2_Small	AUPRC	0.76379835	1.0	5	4096.0	1024	1024	formal_test
2048	splice_donor_acceptor	PlantCaduceus_l32	AUPRC	0.77679098	1.0	5	4096.0	1024	1024	formal_test
2048	splice_donor_acceptor	central_33bp_linear_probe	AUPRC	0.84758873	1.0	5	4096.0	1024	1024	formal_test
2048	splice_donor_acceptor	composition_linear_probe	AUPRC	0.64799076	1.0	5	4096.0	1024	1024	formal_test
2048	splice_donor_acceptor	majority_baseline	AUPRC	0.30734086	1.0	1	4096.0	1024	1024	formal_test
8192	TES_polyA	1mer_linear_probe	AUPRC	0.54694802	1.0	5	4096.0	1024	1024	formal_test
8192	TES_polyA	3mer_linear_probe	AUPRC	0.74953743	1.0	5	4096.0	1024	1024	formal_test
8192	TES_polyA	6mer_linear_probe	AUPRC	0.65613248	1.0	5	4096.0	1024	1024	formal_test
8192	TES_polyA	Caduceus_PS_131k	AUPRC	0.85819282	1.0	5	4096.0	1024	1024	formal_test
8192	TES_polyA	CropGenomeFM_random_init	AUPRC	0.80899089	1.0	5	4096.0	1024	1024	formal_test
8192	TES_polyA	CropGenomeFM_step14000	AUPRC	0.90356140	1.0	5	4096.0	1024	1024	formal_test
8192	TES_polyA	Evo2_1B_base	AUPRC	0.52204477	1.0	5	4096.0	1024	1024	formal_test
8192	TES_polyA	HyenaDNA_medium_160k	AUPRC	0.82838360	1.0	5	4096.0	1024	1024	formal_test
8192	TES_polyA	PlantCAD2_Small	AUPRC	0.92572087	1.0	5	4096.0	1024	1024	formal_test
8192	TES_polyA	PlantCaduceus_l32	AUPRC	0.92577577	1.0	5	4096.0	1024	1024	formal_test
8192	TES_polyA	central_33bp_linear_probe	AUPRC	0.69973327	1.0	5	4096.0	1024	1024	formal_test
8192	TES_polyA	composition_linear_probe	AUPRC	0.55332181	1.0	5	4096.0	1024	1024	formal_test
8192	TES_polyA	majority_baseline	AUPRC	0.30734086	1.0	1	4096.0	1024	1024	formal_test
8192	promoter_TSS	1mer_linear_probe	AUPRC	0.51040636	1.0	5	4096.0	1024	1024	formal_test
8192	promoter_TSS	3mer_linear_probe	AUPRC	0.69501177	1.0	5	4096.0	1024	1024	formal_test
8192	promoter_TSS	6mer_linear_probe	AUPRC	0.60849497	1.0	5	4096.0	1024	1024	formal_test
8192	promoter_TSS	Caduceus_PS_131k	AUPRC	0.85742344	1.0	5	4096.0	1024	1024	formal_test
8192	promoter_TSS	CropGenomeFM_random_init	AUPRC	0.78751080	1.0	5	4096.0	1024	1024	formal_test
8192	promoter_TSS	CropGenomeFM_step14000	AUPRC	0.89837145	1.0	5	4096.0	1024	1024	formal_test
8192	promoter_TSS	Evo2_1B_base	AUPRC	0.55992852	1.0	5	4096.0	1024	1024	formal_test
8192	promoter_TSS	HyenaDNA_medium_160k	AUPRC	0.68130052	1.0	5	4096.0	1024	1024	formal_test
8192	promoter_TSS	PlantCAD2_Small	AUPRC	0.90248975	1.0	5	4096.0	1024	1024	formal_test
8192	promoter_TSS	PlantCaduceus_l32	AUPRC	0.88085071	1.0	5	4096.0	1024	1024	formal_test
8192	promoter_TSS	central_33bp_linear_probe	AUPRC	0.72714411	1.0	5	4096.0	1024	1024	formal_test
8192	promoter_TSS	composition_linear_probe	AUPRC	0.51159835	1.0	5	4096.0	1024	1024	formal_test
8192	promoter_TSS	majority_baseline	AUPRC	0.30734086	1.0	1	4096.0	1024	1024	formal_test
8192	splice_donor_acceptor	1mer_linear_probe	AUPRC	0.56254019	1.0	5	4096.0	1024	1024	formal_test
8192	splice_donor_acceptor	3mer_linear_probe	AUPRC	0.52928913	1.0	5	4096.0	1024	1024	formal_test
8192	splice_donor_acceptor	6mer_linear_probe	AUPRC	0.55539378	1.0	5	4096.0	1024	1024	formal_test
8192	splice_donor_acceptor	Caduceus_PS_131k	AUPRC	0.59942976	1.0	5	4096.0	1024	1024	formal_test
8192	splice_donor_acceptor	CropGenomeFM_random_init	AUPRC	0.52304827	1.0	5	4096.0	1024	1024	formal_test
8192	splice_donor_acceptor	CropGenomeFM_step14000	AUPRC	0.76276038	1.0	5	4096.0	1024	1024	formal_test
8192	splice_donor_acceptor	Evo2_1B_base	AUPRC	0.53371941	1.0	5	4096.0	1024	1024	formal_test
8192	splice_donor_acceptor	HyenaDNA_medium_160k	AUPRC	0.54945300	1.0	5	4096.0	1024	1024	formal_test
8192	splice_donor_acceptor	PlantCAD2_Small	AUPRC	0.61508815	1.0	5	4096.0	1024	1024	formal_test
8192	splice_donor_acceptor	PlantCaduceus_l32	AUPRC	0.66010960	1.0	5	4096.0	1024	1024	formal_test
8192	splice_donor_acceptor	central_33bp_linear_probe	AUPRC	0.84758873	1.0	5	4096.0	1024	1024	formal_test
8192	splice_donor_acceptor	composition_linear_probe	AUPRC	0.56861125	1.0	5	4096.0	1024	1024	formal_test
8192	splice_donor_acceptor	majority_baseline	AUPRC	0.30734086	1.0	1	4096.0	1024	1024	formal_test
512	MACRO_3_TASKS	1mer_linear_probe	AUPRC	0.59071312	1.0	5	4096 per task	1024 per task	1024 per task	formal_test_macro
512	MACRO_3_TASKS	3mer_linear_probe	AUPRC	0.69208465	1.0	5	4096 per task	1024 per task	1024 per task	formal_test_macro
512	MACRO_3_TASKS	6mer_linear_probe	AUPRC	0.67242984	1.0	5	4096 per task	1024 per task	1024 per task	formal_test_macro
512	MACRO_3_TASKS	AgroNT_1B	AUPRC	0.81148688	1.0	5	4096 per task	1024 per task	1024 per task	formal_test_macro
512	MACRO_3_TASKS	Caduceus_PS_131k	AUPRC	0.74656447	1.0	5	4096 per task	1024 per task	1024 per task	formal_test_macro
512	MACRO_3_TASKS	CropGenomeFM_random_init	AUPRC	0.66851007	1.0	5	4096 per task	1024 per task	1024 per task	formal_test_macro
512	MACRO_3_TASKS	CropGenomeFM_step14000	AUPRC	0.83275809	1.0	5	4096 per task	1024 per task	1024 per task	formal_test_macro
512	MACRO_3_TASKS	DNABERT2_117M	AUPRC	0.74357438	1.0	5	4096 per task	1024 per task	1024 per task	formal_test_macro
512	MACRO_3_TASKS	Evo2_1B_base	AUPRC	0.58255474	1.0	5	4096 per task	1024 per task	1024 per task	formal_test_macro
512	MACRO_3_TASKS	HyenaDNA_medium_160k	AUPRC	0.75037223	1.0	5	4096 per task	1024 per task	1024 per task	formal_test_macro
512	MACRO_3_TASKS	NTv2_100M_multi_species	AUPRC	0.77191014	1.0	5	4096 per task	1024 per task	1024 per task	formal_test_macro
512	MACRO_3_TASKS	PlantCAD2_Small	AUPRC	0.84499447	1.0	5	4096 per task	1024 per task	1024 per task	formal_test_macro
512	MACRO_3_TASKS	PlantCaduceus_l32	AUPRC	0.84452280	1.0	5	4096 per task	1024 per task	1024 per task	formal_test_macro
512	MACRO_3_TASKS	central_33bp_linear_probe	AUPRC	0.75815537	1.0	5	4096 per task	1024 per task	1024 per task	formal_test_macro
512	MACRO_3_TASKS	composition_linear_probe	AUPRC	0.61297835	1.0	5	4096 per task	1024 per task	1024 per task	formal_test_macro
512	MACRO_3_TASKS	majority_baseline	AUPRC	0.30734086	1.0	5	4096 per task	1024 per task	1024 per task	formal_test_macro
2048	MACRO_3_TASKS	1mer_linear_probe	AUPRC	0.54846223	1.0	5	4096 per task	1024 per task	1024 per task	formal_test_macro
2048	MACRO_3_TASKS	3mer_linear_probe	AUPRC	0.66752083	1.0	5	4096 per task	1024 per task	1024 per task	formal_test_macro
2048	MACRO_3_TASKS	6mer_linear_probe	AUPRC	0.62139584	1.0	5	4096 per task	1024 per task	1024 per task	formal_test_macro
2048	MACRO_3_TASKS	AgroNT_1B	AUPRC	0.85141713	1.0	5	4096 per task	1024 per task	1024 per task	formal_test_macro
2048	MACRO_3_TASKS	Caduceus_PS_131k	AUPRC	0.77411981	1.0	5	4096 per task	1024 per task	1024 per task	formal_test_macro
2048	MACRO_3_TASKS	CropGenomeFM_random_init	AUPRC	0.70016275	1.0	5	4096 per task	1024 per task	1024 per task	formal_test_macro
2048	MACRO_3_TASKS	CropGenomeFM_step14000	AUPRC	0.88345301	1.0	5	4096 per task	1024 per task	1024 per task	formal_test_macro
2048	MACRO_3_TASKS	Evo2_1B_base	AUPRC	0.60334073	1.0	5	4096 per task	1024 per task	1024 per task	formal_test_macro
2048	MACRO_3_TASKS	HyenaDNA_medium_160k	AUPRC	0.77115811	1.0	5	4096 per task	1024 per task	1024 per task	formal_test_macro
2048	MACRO_3_TASKS	NTv2_100M_multi_species	AUPRC	0.81285534	1.0	5	4096 per task	1024 per task	1024 per task	formal_test_macro
2048	MACRO_3_TASKS	PlantCAD2_Small	AUPRC	0.84890290	1.0	5	4096 per task	1024 per task	1024 per task	formal_test_macro
2048	MACRO_3_TASKS	PlantCaduceus_l32	AUPRC	0.84795656	1.0	5	4096 per task	1024 per task	1024 per task	formal_test_macro
2048	MACRO_3_TASKS	central_33bp_linear_probe	AUPRC	0.75815537	1.0	5	4096 per task	1024 per task	1024 per task	formal_test_macro
2048	MACRO_3_TASKS	composition_linear_probe	AUPRC	0.56842971	1.0	5	4096 per task	1024 per task	1024 per task	formal_test_macro
2048	MACRO_3_TASKS	majority_baseline	AUPRC	0.30734086	1.0	5	4096 per task	1024 per task	1024 per task	formal_test_macro
8192	MACRO_3_TASKS	1mer_linear_probe	AUPRC	0.53996485	1.0	5	4096 per task	1024 per task	1024 per task	formal_test_macro
8192	MACRO_3_TASKS	3mer_linear_probe	AUPRC	0.65794611	1.0	5	4096 per task	1024 per task	1024 per task	formal_test_macro
8192	MACRO_3_TASKS	6mer_linear_probe	AUPRC	0.60667375	1.0	5	4096 per task	1024 per task	1024 per task	formal_test_macro
8192	MACRO_3_TASKS	Caduceus_PS_131k	AUPRC	0.77168201	1.0	5	4096 per task	1024 per task	1024 per task	formal_test_macro
8192	MACRO_3_TASKS	CropGenomeFM_random_init	AUPRC	0.70651665	1.0	5	4096 per task	1024 per task	1024 per task	formal_test_macro
8192	MACRO_3_TASKS	CropGenomeFM_step14000	AUPRC	0.85489774	1.0	5	4096 per task	1024 per task	1024 per task	formal_test_macro
8192	MACRO_3_TASKS	Evo2_1B_base	AUPRC	0.53856423	1.0	5	4096 per task	1024 per task	1024 per task	formal_test_macro
8192	MACRO_3_TASKS	HyenaDNA_medium_160k	AUPRC	0.68637904	1.0	5	4096 per task	1024 per task	1024 per task	formal_test_macro
8192	MACRO_3_TASKS	PlantCAD2_Small	AUPRC	0.81443292	1.0	5	4096 per task	1024 per task	1024 per task	formal_test_macro
8192	MACRO_3_TASKS	PlantCaduceus_l32	AUPRC	0.82224536	1.0	5	4096 per task	1024 per task	1024 per task	formal_test_macro
8192	MACRO_3_TASKS	central_33bp_linear_probe	AUPRC	0.75815537	1.0	5	4096 per task	1024 per task	1024 per task	formal_test_macro
8192	MACRO_3_TASKS	composition_linear_probe	AUPRC	0.54451047	1.0	5	4096 per task	1024 per task	1024 per task	formal_test_macro
8192	MACRO_3_TASKS	majority_baseline	AUPRC	0.30734086	1.0	5	4096 per task	1024 per task	1024 per task	formal_test_macro
