context_bp	task_id	task_type	model_id	primary_metric	value	n_train	n_validation	n_test	selected_ridge_alpha	evidence_role
512	enhancer_cassava_proseq	binary	CropGenomeFM_step14000	AUPRC	0.78417730	16852	1229	812		formal_test
512	gene_expression_arabidopsis_thaliana	multi_regression	CropGenomeFM_step14000	macro Pearson	0.10662999	25728	3399	3402	100.0	formal_test
512	gene_expression_glycine_max	multi_regression	CropGenomeFM_step14000	macro Pearson	0.12859437	47105	4801	4803	100.0	formal_test
512	gene_expression_oryza_sativa	multi_regression	CropGenomeFM_step14000	macro Pearson	0.09082027	31224	3700	3702	100.0	formal_test
512	gene_expression_solanum_lycopersicum	multi_regression	CropGenomeFM_step14000	macro Pearson	0.23671687	27307	3826	3827	100.0	formal_test
512	gene_expression_zea_mays	multi_regression	CropGenomeFM_step14000	macro Pearson	0.16109232	34487	4482	4483	100.0	formal_test
512	lncrna_multispecies	binary	CropGenomeFM_step14000	AUPRC	0.69474368	45588	5112	6095		formal_test
6000	enhancer_cassava_proseq	binary	CropGenomeFM_step14000	AUPRC	0.83211285	16852	1229	812		formal_test
6000	gene_expression_arabidopsis_thaliana	multi_regression	CropGenomeFM_step14000	macro Pearson	0.55196412	25728	3399	3402	100.0	formal_test
6000	gene_expression_glycine_max	multi_regression	CropGenomeFM_step14000	macro Pearson	0.56734097	47105	4801	4803	100.0	formal_test
6000	gene_expression_oryza_sativa	multi_regression	CropGenomeFM_step14000	macro Pearson	0.50282862	31224	3700	3702	100.0	formal_test
6000	gene_expression_solanum_lycopersicum	multi_regression	CropGenomeFM_step14000	macro Pearson	0.58914446	27307	3826	3827	100.0	formal_test
6000	gene_expression_zea_mays	multi_regression	CropGenomeFM_step14000	macro Pearson	0.63502067	34487	4482	4483	10.0	formal_test
6000	lncrna_multispecies	binary	CropGenomeFM_step14000	AUPRC	0.70719641	45588	5112	6095		formal_test
512	enhancer_cassava_proseq	binary	CropGenomeFM_random_init	AUPRC	0.71833836	16852	1229	812		formal_test
512	gene_expression_arabidopsis_thaliana	multi_regression	CropGenomeFM_random_init	macro Pearson	0.04619656	25728	3399	3402	100.0	formal_test
512	gene_expression_glycine_max	multi_regression	CropGenomeFM_random_init	macro Pearson	0.10554477	47105	4801	4803	100.0	formal_test
512	gene_expression_oryza_sativa	multi_regression	CropGenomeFM_random_init	macro Pearson	0.04938484	31224	3700	3702	100.0	formal_test
512	gene_expression_solanum_lycopersicum	multi_regression	CropGenomeFM_random_init	macro Pearson	0.23116742	27307	3826	3827	100.0	formal_test
512	gene_expression_zea_mays	multi_regression	CropGenomeFM_random_init	macro Pearson	0.12859409	34487	4482	4483	10.0	formal_test
512	lncrna_multispecies	binary	CropGenomeFM_random_init	AUPRC	0.58832819	45588	5112	6095		formal_test
6000	enhancer_cassava_proseq	binary	CropGenomeFM_random_init	AUPRC	0.68539129	16852	1229	812		formal_test
6000	gene_expression_arabidopsis_thaliana	multi_regression	CropGenomeFM_random_init	macro Pearson	0.36544112	25728	3399	3402	0.1	formal_test
6000	gene_expression_glycine_max	multi_regression	CropGenomeFM_random_init	macro Pearson	0.42977069	47105	4801	4803	0.1	formal_test
6000	gene_expression_oryza_sativa	multi_regression	CropGenomeFM_random_init	macro Pearson	0.35947422	31224	3700	3702	0.1	formal_test
6000	gene_expression_solanum_lycopersicum	multi_regression	CropGenomeFM_random_init	macro Pearson	0.45596789	27307	3826	3827	10.0	formal_test
6000	gene_expression_zea_mays	multi_regression	CropGenomeFM_random_init	macro Pearson	0.41868176	34487	4482	4483	0.01	formal_test
6000	lncrna_multispecies	binary	CropGenomeFM_random_init	AUPRC	0.58942739	45588	5112	6095		formal_test
512	enhancer_cassava_proseq	binary	DNABERT2_117M	AUPRC	0.74041406	16852	1229	812		formal_test
512	gene_expression_arabidopsis_thaliana	multi_regression	DNABERT2_117M	macro Pearson	0.05359345	25728	3399	3402	100.0	formal_test
512	gene_expression_glycine_max	multi_regression	DNABERT2_117M	macro Pearson	0.09653408	47105	4801	4803	100.0	formal_test
512	gene_expression_oryza_sativa	multi_regression	DNABERT2_117M	macro Pearson	0.07387102	31224	3700	3702	100.0	formal_test
512	gene_expression_solanum_lycopersicum	multi_regression	DNABERT2_117M	macro Pearson	0.22314012	27307	3826	3827	100.0	formal_test
512	gene_expression_zea_mays	multi_regression	DNABERT2_117M	macro Pearson	0.13403888	34487	4482	4483	100.0	formal_test
512	lncrna_multispecies	binary	DNABERT2_117M	AUPRC	0.65700718	45588	5112	6095		formal_test
512	enhancer_cassava_proseq	binary	NTv2_100M_multi_species	AUPRC	0.74871039	16852	1229	812		formal_test
512	gene_expression_arabidopsis_thaliana	multi_regression	NTv2_100M_multi_species	macro Pearson	0.05849524	25728	3399	3402	100.0	formal_test
512	gene_expression_glycine_max	multi_regression	NTv2_100M_multi_species	macro Pearson	0.11330455	47105	4801	4803	100.0	formal_test
512	gene_expression_oryza_sativa	multi_regression	NTv2_100M_multi_species	macro Pearson	0.07252242	31224	3700	3702	100.0	formal_test
512	gene_expression_solanum_lycopersicum	multi_regression	NTv2_100M_multi_species	macro Pearson	0.20849138	27307	3826	3827	100.0	formal_test
512	gene_expression_zea_mays	multi_regression	NTv2_100M_multi_species	macro Pearson	0.13279469	34487	4482	4483	100.0	formal_test
512	lncrna_multispecies	binary	NTv2_100M_multi_species	AUPRC	0.64846653	45588	5112	6095		formal_test
512	enhancer_cassava_proseq	binary	HyenaDNA_medium_160k	AUPRC	0.68857961	16852	1229	812		formal_test
512	gene_expression_arabidopsis_thaliana	multi_regression	HyenaDNA_medium_160k	macro Pearson	0.03091080	25728	3399	3402	0.001	formal_test
512	gene_expression_glycine_max	multi_regression	HyenaDNA_medium_160k	macro Pearson	0.11544878	47105	4801	4803	100.0	formal_test
512	gene_expression_oryza_sativa	multi_regression	HyenaDNA_medium_160k	macro Pearson	0.06520928	31224	3700	3702	100.0	formal_test
512	gene_expression_solanum_lycopersicum	multi_regression	HyenaDNA_medium_160k	macro Pearson	0.23163294	27307	3826	3827	0.1	formal_test
512	gene_expression_zea_mays	multi_regression	HyenaDNA_medium_160k	macro Pearson	0.12001207	34487	4482	4483	1.0	formal_test
512	lncrna_multispecies	binary	HyenaDNA_medium_160k	AUPRC	0.61984204	45588	5112	6095		formal_test
6000	enhancer_cassava_proseq	binary	HyenaDNA_medium_160k	AUPRC	0.70332027	16852	1229	812		formal_test
6000	gene_expression_arabidopsis_thaliana	multi_regression	HyenaDNA_medium_160k	macro Pearson	0.49669850	25728	3399	3402	10.0	formal_test
6000	gene_expression_glycine_max	multi_regression	HyenaDNA_medium_160k	macro Pearson	0.51635547	47105	4801	4803	10.0	formal_test
6000	gene_expression_oryza_sativa	multi_regression	HyenaDNA_medium_160k	macro Pearson	0.44553212	31224	3700	3702	1.0	formal_test
6000	gene_expression_solanum_lycopersicum	multi_regression	HyenaDNA_medium_160k	macro Pearson	0.49417841	27307	3826	3827	0.01	formal_test
6000	gene_expression_zea_mays	multi_regression	HyenaDNA_medium_160k	macro Pearson	0.45771667	34487	4482	4483	0.1	formal_test
6000	lncrna_multispecies	binary	HyenaDNA_medium_160k	AUPRC	0.62261319	45588	5112	6095		formal_test
512	enhancer_cassava_proseq	binary	AgroNT_1B	AUPRC	0.78559397	16852	1229	812		formal_test
512	gene_expression_arabidopsis_thaliana	multi_regression	AgroNT_1B	macro Pearson	0.04388611	25728	3399	3402	100.0	formal_test
512	gene_expression_glycine_max	multi_regression	AgroNT_1B	macro Pearson	0.11350841	47105	4801	4803	100.0	formal_test
512	gene_expression_oryza_sativa	multi_regression	AgroNT_1B	macro Pearson	0.09672616	31224	3700	3702	100.0	formal_test
512	gene_expression_solanum_lycopersicum	multi_regression	AgroNT_1B	macro Pearson	0.21134194	27307	3826	3827	100.0	formal_test
512	gene_expression_zea_mays	multi_regression	AgroNT_1B	macro Pearson	0.14793874	34487	4482	4483	100.0	formal_test
512	lncrna_multispecies	binary	AgroNT_1B	AUPRC	0.65615194	45588	5112	6095		formal_test
512	enhancer_cassava_proseq	binary	PlantCaduceus_l32	AUPRC	0.82074636	16852	1229	812		formal_test
512	gene_expression_arabidopsis_thaliana	multi_regression	PlantCaduceus_l32	macro Pearson	0.15340527	25728	3399	3402	100.0	formal_test
512	gene_expression_glycine_max	multi_regression	PlantCaduceus_l32	macro Pearson	0.15683332	47105	4801	4803	100.0	formal_test
512	gene_expression_oryza_sativa	multi_regression	PlantCaduceus_l32	macro Pearson	0.10883150	31224	3700	3702	100.0	formal_test
512	gene_expression_solanum_lycopersicum	multi_regression	PlantCaduceus_l32	macro Pearson	0.29518322	27307	3826	3827	100.0	formal_test
512	gene_expression_zea_mays	multi_regression	PlantCaduceus_l32	macro Pearson	0.20186571	34487	4482	4483	100.0	formal_test
512	lncrna_multispecies	binary	PlantCaduceus_l32	AUPRC	0.74803685	45588	5112	6095		formal_test
6000	enhancer_cassava_proseq	binary	PlantCaduceus_l32	AUPRC	0.82632063	16852	1229	812		formal_test
6000	gene_expression_arabidopsis_thaliana	multi_regression	PlantCaduceus_l32	macro Pearson	0.55964408	25728	3399	3402	10.0	formal_test
6000	gene_expression_glycine_max	multi_regression	PlantCaduceus_l32	macro Pearson	0.59880179	47105	4801	4803	10.0	formal_test
6000	gene_expression_oryza_sativa	multi_regression	PlantCaduceus_l32	macro Pearson	0.52100666	31224	3700	3702	100.0	formal_test
6000	gene_expression_solanum_lycopersicum	multi_regression	PlantCaduceus_l32	macro Pearson	0.63520349	27307	3826	3827	10.0	formal_test
6000	gene_expression_zea_mays	multi_regression	PlantCaduceus_l32	macro Pearson	0.67110340	34487	4482	4483	100.0	formal_test
6000	lncrna_multispecies	binary	PlantCaduceus_l32	AUPRC	0.75354287	45588	5112	6095		formal_test
512	enhancer_cassava_proseq	binary	PlantCAD2_Small	AUPRC	0.85720787	16852	1229	812		formal_test
512	gene_expression_arabidopsis_thaliana	multi_regression	PlantCAD2_Small	macro Pearson	0.11510449	25728	3399	3402	100.0	formal_test
512	gene_expression_glycine_max	multi_regression	PlantCAD2_Small	macro Pearson	0.16682689	47105	4801	4803	100.0	formal_test
512	gene_expression_oryza_sativa	multi_regression	PlantCAD2_Small	macro Pearson	0.12354279	31224	3700	3702	100.0	formal_test
512	gene_expression_solanum_lycopersicum	multi_regression	PlantCAD2_Small	macro Pearson	0.29320552	27307	3826	3827	100.0	formal_test
512	gene_expression_zea_mays	multi_regression	PlantCAD2_Small	macro Pearson	0.19211420	34487	4482	4483	100.0	formal_test
512	lncrna_multispecies	binary	PlantCAD2_Small	AUPRC	0.74190387	45588	5112	6095		formal_test
6000	enhancer_cassava_proseq	binary	PlantCAD2_Small	AUPRC	0.86154861	16852	1229	812		formal_test
6000	gene_expression_arabidopsis_thaliana	multi_regression	PlantCAD2_Small	macro Pearson	0.55180658	25728	3399	3402	100.0	formal_test
6000	gene_expression_glycine_max	multi_regression	PlantCAD2_Small	macro Pearson	0.58549747	47105	4801	4803	0.1	formal_test
6000	gene_expression_oryza_sativa	multi_regression	PlantCAD2_Small	macro Pearson	0.51807320	31224	3700	3702	100.0	formal_test
6000	gene_expression_solanum_lycopersicum	multi_regression	PlantCAD2_Small	macro Pearson	0.63064775	27307	3826	3827	100.0	formal_test
6000	gene_expression_zea_mays	multi_regression	PlantCAD2_Small	macro Pearson	0.67394138	34487	4482	4483	1.0	formal_test
6000	lncrna_multispecies	binary	PlantCAD2_Small	AUPRC	0.73998484	45588	5112	6095		formal_test
512	enhancer_cassava_proseq	binary	Caduceus_PS_131k	AUPRC	0.75425706	16852	1229	812		formal_test
512	gene_expression_arabidopsis_thaliana	multi_regression	Caduceus_PS_131k	macro Pearson	0.06974307	25728	3399	3402	10.0	formal_test
512	gene_expression_glycine_max	multi_regression	Caduceus_PS_131k	macro Pearson	0.12229990	47105	4801	4803	100.0	formal_test
512	gene_expression_oryza_sativa	multi_regression	Caduceus_PS_131k	macro Pearson	0.05567312	31224	3700	3702	100.0	formal_test
512	gene_expression_solanum_lycopersicum	multi_regression	Caduceus_PS_131k	macro Pearson	0.25292071	27307	3826	3827	100.0	formal_test
512	gene_expression_zea_mays	multi_regression	Caduceus_PS_131k	macro Pearson	0.12396792	34487	4482	4483	100.0	formal_test
512	lncrna_multispecies	binary	Caduceus_PS_131k	AUPRC	0.61770962	45588	5112	6095		formal_test
6000	enhancer_cassava_proseq	binary	Caduceus_PS_131k	AUPRC	0.75885250	16852	1229	812		formal_test
6000	gene_expression_arabidopsis_thaliana	multi_regression	Caduceus_PS_131k	macro Pearson	0.39556152	25728	3399	3402	0.1	formal_test
6000	gene_expression_glycine_max	multi_regression	Caduceus_PS_131k	macro Pearson	0.44319267	47105	4801	4803	0.0001	formal_test
6000	gene_expression_oryza_sativa	multi_regression	Caduceus_PS_131k	macro Pearson	0.41954789	31224	3700	3702	0.1	formal_test
6000	gene_expression_solanum_lycopersicum	multi_regression	Caduceus_PS_131k	macro Pearson	0.48144853	27307	3826	3827	0.01	formal_test
6000	gene_expression_zea_mays	multi_regression	Caduceus_PS_131k	macro Pearson	0.48044716	34487	4482	4483	0.0001	formal_test
6000	lncrna_multispecies	binary	Caduceus_PS_131k	AUPRC	0.62796287	45588	5112	6095		formal_test
512	enhancer_cassava_proseq	binary	Evo2_1B_base	AUPRC	0.53874539	16852	1229	812		formal_test
512	gene_expression_arabidopsis_thaliana	multi_regression	Evo2_1B_base	macro Pearson	0.04394088	25728	3399	3402	100.0	formal_test
512	gene_expression_glycine_max	multi_regression	Evo2_1B_base	macro Pearson	0.09542924	47105	4801	4803	0.0001	formal_test
512	gene_expression_oryza_sativa	multi_regression	Evo2_1B_base	macro Pearson	0.04702360	31224	3700	3702	100.0	formal_test
512	gene_expression_solanum_lycopersicum	multi_regression	Evo2_1B_base	macro Pearson	0.19887376	27307	3826	3827	0.01	formal_test
512	gene_expression_zea_mays	multi_regression	Evo2_1B_base	macro Pearson	0.04712498	34487	4482	4483	0.1	formal_test
512	lncrna_multispecies	binary	Evo2_1B_base	AUPRC	0.54994445	45588	5112	6095		formal_test
6000	enhancer_cassava_proseq	binary	Evo2_1B_base	AUPRC	0.49481712	16852	1229	812		formal_test
6000	gene_expression_arabidopsis_thaliana	multi_regression	Evo2_1B_base	macro Pearson	0.16880857	25728	3399	3402	0.001	formal_test
6000	gene_expression_glycine_max	multi_regression	Evo2_1B_base	macro Pearson	0.18184007	47105	4801	4803	0.0001	formal_test
6000	gene_expression_oryza_sativa	multi_regression	Evo2_1B_base	macro Pearson	0.07270651	31224	3700	3702	100.0	formal_test
6000	gene_expression_solanum_lycopersicum	multi_regression	Evo2_1B_base	macro Pearson	0.23949612	27307	3826	3827	100.0	formal_test
6000	gene_expression_zea_mays	multi_regression	Evo2_1B_base	macro Pearson	0.10322219	34487	4482	4483	0.0001	formal_test
6000	lncrna_multispecies	binary	Evo2_1B_base	AUPRC	0.55538839	45588	5112	6095		formal_test
