task_id	priority	question	label_type	candidate_sources	release_status	input_lengths_bp	minimum_planned_train	minimum_planned_validation	minimum_planned_test	split_rule	primary_metrics	native_capability_contrast	success_rule	claim_boundary
CROP-LONGGENE-SEG	P0_data_ready	能否在完整长基因上下文中联合标注启动子、UTR、CDS、内含子、剪接边界和TES	token-level multiclass segmentation + boundary detection	现有258个NCBI GenBank/RefSeq assembly的FASTA+GFF3；只纳入高质量可调用区域	current source available; task release not built	8192;32768;65536;131072	100000 windows	10000 windows	10000 windows	最高层genus/assembly隔离；蛋白家族和15-mer近重复去泄漏；长基因长度分层	macro-F1; boundary-F1@2/10bp; segment IoU	AgroNT/NT-v2短上下文不能一次看到完整64K/128K；必须另报chunked track；PlantCAD2/PlantCaduceus/HyenaDNA/Caduceus为真正长上下文对手	相对最强native plant baseline macro-F1下界>0且绝对提升>=0.02；相对最佳chunked短模型>=0.03；Holm校正	GFF注释预测，不等于新基因功能或湿实验验证
CROP-DISTAL-CIS-PAIR	P0_buildable_plus_functional_labels	局部2K序列近似相同时，远端顺式调控背景能否决定启动子/TES活性	paired binary/ranking with local-context matched pairs	现有GFF/FASTA用于结构候选；Plant Genomic Benchmark cassava PRO-seq及后续冻结的作物PRO-seq/CAGE/PAS-seq作为功能标签	candidate sources partly available; exact functional accessions must be frozen	2048;8192;32768;65536	40000 paired windows	5000 pairs	5000 pairs	按物种/实验study隔离；中心2K GC、motif、同源度匹配；远端序列置换作为反事实控制	paired AUPRC; pair accuracy; context gain; calibration	短模型在native track看不到被设计为决定标签的远端区域；PlantCAD2/PlantCaduceus等长模型仍可公平竞争	64K相对2K paired AUPRC提升CI下界>0；相对最强native baseline>=0.02；远端置换必须显著消除增益	只有功能测序标签可支持调控活性；纯GFF版本只能称结构上下文任务
CROP-ISOFORM-LR	P1_needs_release_freeze	能否利用完整基因上下文预测组织/胁迫条件下的可变剪接和可变poly(A)使用	multi-label junction/polyA usage; delta-PSI or usage regression	公开作物Iso-Seq/long-read RNA-seq与配套短读长RNA-seq；NCBI SRA/ENA；exact accessions TBD	not frozen; no current formal result	8192;65536;131072	30000 genes/isoform windows	5000	5000	study×species隔离；gene-family cluster disjoint；表达可检测性callable universe	macro-AUPRC; Pearson(delta-PSI); junction boundary F1	长内含子和多个候选位点超出AgroNT/NT-v2单窗口；chunking作为弱等价对照	相对最强native baseline AUPRC>=+0.02或Pearson>=+0.03且CI下界>0	预测转录本使用，不直接证明表型因果
CROP-POLYPLOID-HOMEOLOG	P1_crop_specific	能否识别小麦/棉花/油菜同源亚基因组基因的表达优势、抑制或平衡状态	3-class dominance + continuous homoeolog expression difference	NCBI/Ensembl Plants参考与亚基因组注释；公开多组织RNA-seq/Expression Atlas；exact releases/accessions TBD	not frozen; no current formal result	8192;32768;65536	20000 homoeolog sets	4000 sets	4000 sets	整套homoeolog group不可跨split；按gene family、品种和study隔离；表达批次train-only归一化	macro-F1; macro Pearson; within-triad ranking accuracy	作物多倍体特有；通用非植物NT-v2无植物预训练，AgroNT虽植物专用但native上下文较短；PlantCAD2/PlantCaduceus为关键强基线	超过max(AgroNT,PlantCAD2,PlantCaduceus,NT-v2-500M,Evo2)的同口径最强值，MMED=0.02 F1或0.03 Pearson，CI下界>0	表达优势不是亚基因组进化机制或育种价值的直接证明
CROP-TE-SV-REG	P1_crop_specific_long_context	能否从含/不含TE插入的等位/单倍型序列对预测表达方向和幅度变化	paired ref/alt delta regression + direction classification + TE boundary	作物pan-genome/SV release + EDTA高置信TE + matched RNA-seq/eQTL；exact source releases TBD	blocked until EDTA QC and paired functional labels are frozen	32768;131072;262144	20000 allele pairs	4000 pairs	4000 pairs	同一variant pair同split；按locus/gene family/品种隔离；仅callable matched negatives	delta-expression Pearson; sign AUROC/AUPRC; boundary F1; calibration	256K超出当前AgroNT/NT-v2和本地Evo2-8K；PlantCAD2/PlantCaduceus/HyenaDNA/Caduceus按真实native能力进入	相对最强native长模型Pearson>=+0.03且CI下界>0；相对序列组成/SV长度基线显著	不得把缺失TE或无表达测量样本当负例；关联不等于因果
CROP-NLR-CLUSTER	P1_crop_specific_repeat_rich	能否在重复富集的抗病NLR基因簇中识别完整基因、伪基因和簇边界	token segmentation + intact-copy count + cluster classification	高质量作物组装；经NLR-Annotator/人工注释交叉确认的NLR registry；exact release TBD	not frozen; computational labels require manual QC tier	65536;131072;262144	20000 cluster/background windows	3000	3000	按NLR family cluster和作物genus隔离；重复相似度分层；近重复去泄漏	boundary F1; copy-count MAE; macro-F1; low-homology sensitivity	长重复簇是作物育种专属难点；短Transformer只能chunk；长植物模型是主要对手	boundary-F1>=+0.03或copy-count MAE相对降低>=10%，bootstrap CI支持且低同源子集保持	计算预测NLR结构，不代表抗病表型或功能验证
CROP-ACR-STRESS	P1_functional	能否跨作物预测组织/胁迫特异开放染色质与远端调控元件	multi-label accessibility/activity classification	公开作物ATAC-seq/DNase-seq/PRO-seq；木薯PRO-seq现有；其余exact accessions TBD	one cassava task available; cross-crop panel not frozen	2048;8192;32768;65536	50000 peaks+matched negatives	10000	10000	study/site-year/species隔离；GC、mappability、distance-to-TSS匹配；blacklist和可调用区限定	macro-AUPRC; per-tissue AUPRC; calibration; cross-species transfer	检验作物特异调控语法；NT-v2不含植物，AgroNT是强植物短上下文基线，PlantCAD2/PlantCaduceus是强植物长上下文基线	通用任务对最强植物基线非劣（AUPRC差CI下界>-0.02）；作物长程子集优效>=+0.02	开放染色质不等于增强子，也不等于目标基因因果调控
CROP-PANGENOME-SV	P2_breeding_relevance	能否从成对单倍型长序列预测基因PAV/SV类别及其转录影响	paired structural variant classification + expression delta	水稻/玉米/大豆/小麦公开pan-genome和配套表达；exact release/crosswalk TBD	not frozen; no current formal result	32768;131072;262144	30000 locus pairs	5000 pairs	5000 pairs	locus和haplotype group隔离；群体/品种最高层bootstrap；reference bias audit	macro-F1; delta-expression Pearson; top-k locus ranking	复杂SV无法由单个512-bp窗口完整描述；长植物模型仍作为公平强基线	对最强native长模型达到预注册MMED并在非参考单倍型子集保持	PAV/SV预测不等于农艺性状因果
CROP-QTL-VAR-RANK	P2_requires_curated_labels	能否在QTL/GWAS区间内排序有实验或精细定位支持的候选基因/变异	locus-wise ranking; ref-alt delta scoring	公开作物GWAS/QTL/fine-mapping与功能验证registry；exact version and gene-ID crosswalk TBD	currently blocked; missing locked labels/crosswalk	8192;65536;131072	at least 500 independent loci	at least 100 loci	at least 100 loci	整个位点和study同split；按染色体/群体隔离；禁止nearest-gene伪标签	MRR; hit@1/5/10; locus-level AUCPR; bootstrap by locus	这是育种决策任务，不仅是通用序列分类；所有基础模型还必须与距离、功能注释和传统精细定位强基线比较	对最佳序列基础模型和最佳非深度强基线均达到预注册MMED；否则只报告诊断价值	候选排序不能宣称发现因果基因；必须保留实验验证需求
