component	parameter	value	status	meaning
model_total	trainable_parameters	369505287	measured_from_training_runtime	实际可训练参数总数
tokenizer	vocabulary	A,C,G,T,N,MASK,PAD (7)	implemented	单碱基字符级输入；输出头预测A/C/G/T/N
embedding	d_model	1024	implemented	每个位置1024维隐藏表示
backbone	HyenaLite_blocks	32	implemented	线性复杂度局部卷积门控块
HyenaLite	expand/kernel/mlp_ratio	2 / 127 / 1.25	implemented	通道扩展、深度卷积核、SwiGLU前馈宽度
local_attention	insertions	8 (after every 4 HyenaLite blocks)	implemented	总执行块数40=32+8
local_attention	heads/chunk	8 heads / 512 positions	implemented	每个注意力子块在重排后的512位置组内计算
local_attention	dilations	1,2,4,8,16,32,64,128	implemented_in_C1_config	逐层扩大跨chunk依赖跨度且不新增参数
normalization	norm	RMSNorm eps=1e-6	implemented	稳定长序列训练
regularization	dropout	0.05	implemented	Hyena、注意力和前馈残差dropout
strand_symmetry	RC_equivariance	direct+reverse-complement dual pass, aligned average	implemented	正向与反向互补预测/隐藏表示对齐后平均
MLM_head	output	5 nucleotide classes	implemented	只预测A/C/G/T/N，不预测MASK/PAD
region_head	classes	7	implemented	background,coding,gene_body,promoter,splice,tes,utr
memory	gradient_checkpointing	true	implemented	以额外计算换显存，支持64K
context	Stage_B_evaluated	8192 bp	completed	冻结step14000基座
context	Stage_C1_gate	65536 bp	gate_pass_partial_training_only	单步前向/反向/optimizer通过；正式训练仅到step569
