shard	tokens	windows_total	train_windows	val_windows	test_windows	context_4096	context_8192	context_16384	mean_bp_per_window	train_fraction	relative_train_sampling_weight	input_sha256	windows_sha256
shard_000001	999997440	140897	132254	6144	2499	49680	85204	6013	7097.365026	0.938657317	1.044492854	9860dc29b7dca632c78d4deb417484898bebf40d021314c93a4ad74d162c43b4	36649325cdcde8f2bc889148899f7a380e85eea88fa551a7108c7893b6e1ea8c
shard_000002	999993344	140465	134442	4403	1620	48991	85374	6100	7119.163806	0.957120991	1.024343703	9218bb0f39176b35b92cb89e1db16b6e558381075fecd0036b22082390410720	34587b305152f2b798681755a466f4b7c1b3e649c7de084936cdf60900d5e243
shard_000003	999997440	140645	138352	2293	0	49054	85639	5952	7110.081695	0.983696541	0.996670029	bbde86c59c1bd55f234cecebcb0794a2fcfcfae04f3799f5f54ff1755303da71	28b7ea856bc1f43c9371e49557721717dbee45a0ce81b2568e5eb000ccb80740
shard_000004	999997440	140342	140311	31	0	48932	85216	6194	7125.432444	0.999779111	0.980637472	52114e54ef4fc95945f5b4f1021d170658d7084db4d78c75d8beb238b6d0a7ce	930537ecde9ac12e7864480e64fdf0854c705e8287c82a204a662c1281c08789
shard_000005	999997440	140483	136191	2394	1898	49126	85207	6150	7118.280788	0.969448261	1.011318396	7c78bb5fbfc572277e236912a8d41c1402ca810d9dbe6c85dd76305c309997e2	a7ac3983e4b7a4df23836e85cda05d1c8b64989616f5c1fe43b114c4df3af8fc
shard_000006	999993344	140375	134447	2406	3522	48873	85371	6131	7123.728185	0.957770258	1.023649306	2c282f9f941d7bd0c942db57fe5e9bcdfdca423b0a685bcb73759fb6661569c8	04f3cc1c7fc9d2da5541f1b2172c7ff5ceb0d5f5d2cfefa332a836298ceaccd0
shard_000007	999993344	140390	140390	0	0	48915	85338	6137	7122.967049	1.000000000	0.980420860	bcd4166abc79ac93737537860e7ba52156475fea0933645bf3a192537080b3e0	2565de22e959e905d4af43711bdded567e3501da9d33a04e1387311e49f6444f
shard_000008	999993344	140247	136490	3757	0	48457	85739	6051	7130.229837	0.973211548	1.007407754	f8201c2b977820c8848ffde1d67bcbc4657c049d4f739b948754c2b5d26d7822	c59efa3e35cf5368ae57d8ed2033a93c64e438dc6a68dd3e15deaf29cd79c1f8
shard_000009	999997440	140162	137476	0	2686	48448	85582	6132	7134.583125	0.980836461	0.999576279	47eb3df9a138fd506fbbb5b5edf08e64fdd8614bf31224b86fb92d27e2f0a313	106a3cbada0631396ead5ffe2f88f2f7ee202b470efcf01050053d793a79cb1a
shard_000010	999997440	140423	140423	0	0	48900	85426	6097	7121.322291	1.000000000	0.980420860	dedc8148e8063aab8e557a127ac13cedf893f6fb1cb089133540a0d6bc42762e	778e148e4a34b4929d4724518e37112a6645c11ed2a1c842dfdd067e345527a1
shard_000011	999997440	140301	138989	0	1312	48838	85275	6188	7127.514701	0.990648677	0.989675637	86672839deae351f6460073266253bbfd4c4e1e56880ef087f4a896693cda2e5	982cd0181ef0cb8edd214cddd68e87f06a468fd9ff61ee69cbcfca5b56cc49e4
shard_000012	999993344	140480	137265	3215	0	48921	85509	6050	7118.403645	0.977114180	1.003384129	70029489449ab8b9e76d37a2f53b36f5d7d4e291f9146169cd50ec219caa61db	de25ab6640a45435b1f263ed4632a83b6e3a111c870085ea22b0142e76813b25
shard_000013	999997440	140670	138738	0	1932	49126	85581	5963	7108.818085	0.986265728	0.994073739	08121dc1d72a54a1a22b7f25d85cf27b369a4ed9871669eb5e42a9005d2762e2	b2ef1f817e968eb7e43f5719ea2be37f2c45386857142c6a42c92cf3cf9cfd8e
shard_000014	999997440	140181	135907	4274	0	48426	85653	6102	7133.616111	0.969510847	1.011253111	297a67e219b4b47b939828d47a948caa3f82982fda4a2e1a9adcd04979e05d66	d2d457409c3be426808253ae5770713e7900ed053cb57037ee60a205f3069aff
shard_000015	999997440	140438	138570	0	1868	48908	85444	6086	7120.561671	0.986698757	0.993637474	3cb8b363e231549421d098a63785e15a036799ef72f94e8372b158746a2eefa5	916dfb60f0a6a9767c05c9734d0659c6db08bb3c31083d88f1d3fecf29718e28
shard_000016	999993344	140231	140231	0	0	48529	85599	6103	7131.043378	1.000000000	0.980420860	593ecc34775481c675551505b525064e8dfc40259fedeab49891926af273f2af	51cf06046a9bbd4a99ca2b42f23ea7c3f154ba0fd2e7425e3f0f8d1f0ca83534
shard_000017	999993344	140831	140831	0	0	49393	85503	5935	7100.662099	1.000000000	0.980420860	daaa5ae6bd6d9bf0e815689f02e2011d9e068065b7acbc75edd6ffe52cec01eb	e75316b9298f02224eb19a2c7ca746ee12316c01cfde16ef88506f82c15d50e7
shard_000018	999997440	140426	138413	2013	0	49220	84952	6254	7121.170154	0.985665048	0.994679544	44600ee85cda8aa98222821f9edbcd08d1cc9e4e107f0a77e95dc1851e65b78b	f3974a70fd22a79049faa66b173227e06608086ce3efeed43f21b9c33c28117f
shard_000019	999993344	140628	138454	2174	0	49029	85643	5956	7110.912080	0.984540774	0.995815395	5af96aac71a29ca39d6d1cbc86618a87bad0b8f5cef22281501938b47e8947bf	9ed28c72f0c22ba13de72535ec06fd00d28ae2501ac45e6c7d0c0bfcfb0b2241
shard_000020	999997440	140160	138231	0	1929	48372	85692	6096	7134.684932	0.986237158	0.994102537	ba69d540fca593782ba7b52dc14d8c228680f2fccb9fac6b8484bd00e2cb4914	d87089076ce9d7ec3bea1de76e80a8f49bdaabcbee4c028fb10b76a7f806d72e
shard_000021	999997440	141012	129562	231	11219	49660	85464	5888	7091.576887	0.918801237	1.067065238	56d1f10383482f5a99ddd2e6938fa2e7e2a552f1584559f053cc14139ef69096	9383873f2cb832b231e04d357cf9d3c26aea72e3793cf736cfd484f0f00b31b6
shard_000022	999993344	140549	140549	0	0	48909	85665	5975	7114.908993	1.000000000	0.980420860	75612107e51003b78e2b4728d0049630b9fc09d0acac2923d47e0a255baf072b	b211fca891a49c9620642d56306db4cdd1a7a5d7b3e5481a618d57f6a7edd5a6
shard_000023	999993344	140360	140360	0	0	48799	85452	6109	7124.489484	1.000000000	0.980420860	7647af71142f04150b6017911cf9b2281f8fb7189c8154732963d43534b42e94	7cbe0ea72a9b9240e1d3aef25d719d3b4d85caa1d7255180adf43c588a1bfcd7
shard_000024	999993344	140409	140409	0	0	48833	85499	6077	7122.003176	1.000000000	0.980420860	3819251ff50ed5bce374d8d85e3fd748172950058368e9a31d5c409160575ce9	d0c99a75d7f45ffcc8eeb6111088649dce4bf967110df9d58aabad590b3e18f1
shard_000025	999997440	140417	138218	0	2199	49054	85183	6180	7121.626584	0.984339503	0.996019013	e18c893f1f342c60fbed3ff8e89f621dd87cc63d2ff5dd415ec21f8029a226df	96685fb38ecfc620458ffea1f92af0b4b9204bac00d478431e03ab0fdb2dec9e
shard_000026	999993344	140446	138250	0	2196	48875	85510	6061	7120.126910	0.984364097	0.995994127	2ba7c128eab5112b4a0d43602f4dd602ff3822d2248991d025f6327a70110d5c	a1f369372d0ade432b700d56caeed368433c2c3aef97342c48917fd60f73e1e0
shard_000027	999997440	140475	140475	0	0	48922	85497	6056	7118.686172	1.000000000	0.980420860	4bf536a1d9260d623602ad37c32c3eb1950a1df6c4e01f9e11dec246b972bec1	e7543ae037fa8700a40451de0d741e7bc8f8c2d3aadd314b93c0693f6c1e2179
shard_000028	999997440	140180	137494	2686	0	48390	85705	6085	7133.667000	0.980838921	0.999573772	a09ba4f906eabb58521c42f14a0ba880001b819be00914a69235886f73cafce9	7d7d3533cd2beeb28946e64ecb0e52f338ad7ca18a82fa8a1611203afbdf1217
shard_000029	999993344	135640	133337	0	2303	37967	92260	5413	7372.407431	0.983021233	0.997354714	e97b3fe7bb366ea163fee4fc05d3a20c5e42a353de7a499b59bf9a0704afd5ec	ca9250b8586951f993b3edfa0a01542b5560e94d704c9045627487e79b63a631
shard_000030	999993344	133954	133954	0	0	31533	98539	3882	7465.199576	1.000000000	0.980420860	adb444f51575592d0c12e2760fe10df071414ba5ebb54f49ae0c0e45861c3a08	1008363c054f961b386d75703d29e7e2125fa08d89d3b4895a4b42e812893751
shard_000031	999997440	129431	120906	2632	5893	20564	105946	2921	7726.104565	0.934134790	1.049549670	dcc6e151f0e0df02311eee5571c0a22faf41423125d516351112eb5877c4d416	c6dc58032fe359a25dbcda7fa4e5e57aacdb46de3caaa606ccedc769dc1ab2cc
shard_000032	999993344	128029	128029	0	0	15889	110155	1985	7810.678393	1.000000000	0.980420860	253992fe8a24a2e6c3d7522326832489f82cac8d473db88ed28b38f7ef1642ba	9a000815c05339a4a102decd8946682d27b6688bcb64f231c6469513ccbb4ca6
shard_000033	999997440	126759	126759	0	0	12462	112755	1542	7888.965991	1.000000000	0.980420860	b841d486f93e159c56f6381c18cf4fef64b067a652be44ea65b99a2d76658ffc	6a0380092a535c1c95116f8e2e3c7b94d5d21189f801f4e077f08e1b407a8d5f
shard_000034	999993344	124071	121537	2534	0	5627	117632	812	8059.847539	0.979576210	1.000862260	6410eff7e10ad7ac848fabd19161a449a88c0707c0294eeb2e703c4c4acbbb08	025df72e78906f95a52e193ee4e31fd0a587cba57de9b5f9e2ab2e0722725ee8
shard_000035	999993344	122238	115450	5275	1513	527	121616	95	8180.707669	0.944468987	1.038065700	e1b056b6534d386492fe0c2cabc0f91ae9993e9397119afa30331d32f0936cf8	95ff28c8a6af47f82e2461c97d2a3fab12cac6f4af649af135af6750c983ca84
shard_000036	999997440	122062	119203	1551	1308	0	122054	8	8192.536907	0.976577477	1.003935564	22cb57e508e464535fb6e45dd565bb9759e8c71c225bb7b1b4c79ca28c17037d	f1386a3c3183e1fe3e93dce18834a06a11b1d21321f340bd426e08731f591306
shard_000037	999997440	122070	120545	1525	0	0	122070	0	8192.000000	0.987507168	0.992824044	5edc6fb51445105c75fed9803cb333fd8929f180a8f5ccf65b256e369c7313cc	644a33ee350101601c7c5d4bbcaa3f4f6c03891222c7405cda395d44717b32b7
shard_000038	999997440	122070	122070	0	0	0	122070	0	8192.000000	1.000000000	0.980420860	5747e6822963b1707001f99f2df222d911add3d4480aae51c09511e3a4e7462f	8cbad517465e21a5a2cfe65cd3915ee8eaf93a187a4473b7de9edb00f13f1aa0
shard_000039	999997440	122070	120909	0	1161	0	122070	0	8192.000000	0.990489064	0.989835119	8d7af06eac23b806df4b714d90c6d6dcd63b00321a29cc539c2360777730a461	f8d7af4fba42d172f830f7b27a16efad99a3099ae067b749b7647e21d10cdda0
shard_000040	999997440	122070	113397	5157	3516	0	122070	0	8192.000000	0.928950602	1.055406884	eb8f21e7b8f5eeb755510bd988795553f0a51d9704c3b2afb2dc6113d98ef112	fa40676b7df9124646108c46abca08ae297fbb84654bb97ca1539ca0c868d52d
shard_000041	999997440	122070	117798	0	4272	0	122070	0	8192.000000	0.965003686	1.015976285	1aa1fbbd7783a53ff4fef7e5514d24418d31fbed0def07388be3394b51ab6097	0e807b422ab195ae93f27ca546e2ee3cadebbfed670ff16072629e4983aa8ef1
shard_000042	242679808	29624	29624	0	0	0	29624	0	8192.000000	1.000000000	0.980420860	a09c239b94e6d4f28ae45b69df55f7880cdac75a2f39a4fcbdd7434257d5ad6a	fa5876704f784c8a849483793d58c4f741f89363ed3f0734dc1ce74ab4839074
