task_id	task_label	method	method_label	source_method	train_fraction	n_seeds	train_samples_mean	validation_samples	test_samples	balanced_accuracy_std	rc_mcc_mean	rc_prediction_agreement_mean	rc_embedding_cosine_mean	accuracy_mean	balanced_accuracy_mean	mcc_mean	auroc_mean	auprc_mean	f1_mean	brier_mean	ece_mean
promoter_TSS	Promoter / TSS	best_kmer	Best k-mer	6mer_linear_probe	1.0	5	4096.0	1024	1024	0.0				0.611328125	0.611328125	0.2230924036990845	0.6421012878417969	0.6142829703045717	0.6231060606060607	0.3586082379264376	0.35099242618663085
promoter_TSS	Promoter / TSS	random_init	Random init	random_init	1.0	5	4096.0	1024	1024	0.0	0.17382845655178514	1.0	1.0	0.5869140625	0.5869140625	0.17382845655178514	0.6117286682128906	0.5872264281027646	0.5865102639296188	0.3134632879750945	0.24990485231955972
promoter_TSS	Promoter / TSS	DNABERT2_117M	DNABERT-2 117M	DNABERT2_117M	1.0	5	4096.0	1024	1024	0.0	0.1152048663563345	0.7060546875	0.9444975852966309	0.6494140625	0.6494140625	0.30784334366592797	0.6950035095214844	0.7049961199089984	0.6015538290788014	0.25004062226294044	0.17098159608164565
promoter_TSS	Promoter / TSS	NTv2_100M_multi_species	NT-v2 100M*	NTv2_100M_multi_species	1.0	5	4096.0	1024	1024	0.0	0.10026343734404627	0.5908203125	0.9737056493759155	0.6689453125	0.6689453125	0.3379428395936232	0.7202224731445312	0.7278100672745149	0.6660098522167488	0.22447333558819477	0.09843058303295038
promoter_TSS	Promoter / TSS	step14000	CropGenome-FM step14000	step14000	1.0	5	4096.0	1024	1024	0.0	0.39873175174599795	1.0	1.0	0.6875	0.6875	0.39873175174599795	0.7200775146484375	0.7647483782589567	0.6235294117647058	0.2251279603506086	0.12151719045436948
promoter_TSS	Promoter / TSS	step17000	CropGenome-FM step17000	step17000	1.0	5	4096.0	1024	1024	0.0	0.3999169095719742	1.0	1.0	0.6884765625	0.6884765625	0.3999169095719742	0.7226142883300781	0.7549923989031333	0.6260257913247362	0.2287847089670166	0.12349594640136274
splice_donor_acceptor	Splice donor / acceptor	best_kmer	Best k-mer	3mer_linear_probe	1.0	5	4096.0	1024	1024	0.0				0.6796875	0.6796875	0.35977047300588794	0.7458572387695312	0.7331620592022869	0.6870229007633589	0.2056390974268107	0.0335765874315257
splice_donor_acceptor	Splice donor / acceptor	random_init	Random init	random_init	1.0	5	4096.0	1024	1024	0.0	0.25868918003394537	1.0	1.0	0.626953125	0.626953125	0.25868918003394537	0.6792335510253906	0.6629965640943281	0.6595365418894831	0.24248919011463227	0.11694609315320378
splice_donor_acceptor	Splice donor / acceptor	DNABERT2_117M	DNABERT-2 117M	DNABERT2_117M	1.0	5	4096.0	1024	1024	0.0	0.10865923383631684	0.556640625	0.947960615158081	0.708984375	0.708984375	0.4199761498175267	0.7861785888671875	0.7933769763088288	0.7225325884543762	0.2039138089637392	0.11236260254020183
splice_donor_acceptor	Splice donor / acceptor	NTv2_100M_multi_species	NT-v2 100M*	NTv2_100M_multi_species	1.0	5	4096.0	1024	1024	0.0	0.1068727450088702	0.5712890625	0.9735897183418274	0.7158203125	0.7158203125	0.43174027748727284	0.7947769165039062	0.7947907492600371	0.7127344521224086	0.18700535135939314	0.04507175555136199
splice_donor_acceptor	Splice donor / acceptor	step14000	CropGenome-FM step14000	step14000	1.0	5	4096.0	1024	1024	0.0	0.7800843678047249	1.0	1.0	0.8896484375	0.8896484375	0.7800843678047249	0.9443588256835938	0.9512978209697867	0.887112887112887	0.08538909715323262	0.02871322429490421
splice_donor_acceptor	Splice donor / acceptor	step17000	CropGenome-FM step17000	step17000	1.0	5	4096.0	1024	1024	0.0	0.7435070966727909	1.0	1.0	0.8671875	0.8671875	0.7435070966727909	0.9327507019042969	0.9411958497975512	0.8559322033898307	0.09921211173835977	0.039617952540140805
TES_polyA	TES / poly(A)	best_kmer	Best k-mer	3mer_linear_probe	1.0	5	4096.0	1024	1024	0.0				0.62890625	0.62890625	0.26599283575409155	0.6919212341308594	0.6708006890170043	0.6695652173913044	0.2246387172644655	0.05231449106213405
TES_polyA	TES / poly(A)	random_init	Random init	random_init	1.0	5	4096.0	1024	1024	0.0	0.1573399484396763	1.0	1.0	0.576171875	0.576171875	0.1573399484396763	0.6117515563964844	0.5988502737276056	0.6232638888888888	0.28505177432919204	0.19864249123793343
TES_polyA	TES / poly(A)	DNABERT2_117M	DNABERT-2 117M	DNABERT2_117M	1.0	5	4096.0	1024	1024	0.0	-0.06862494454030081	0.498046875	0.9474185705184937	0.6181640625	0.6181640625	0.2405043840191981	0.65606689453125	0.6537538244947402	0.6505808757819481	0.2651187727943487	0.1744044962418343
TES_polyA	TES / poly(A)	NTv2_100M_multi_species	NT-v2 100M*	NTv2_100M_multi_species	1.0	5	4096.0	1024	1024	0.0	-0.14421837050662165	0.41015625	0.9756494760513306	0.6591796875	0.6591796875	0.32764034208147746	0.7097969055175781	0.6991033782638051	0.6951965065502185	0.22865387277553134	0.10970760455575143
TES_polyA	TES / poly(A)	step14000	CropGenome-FM step14000	step14000	1.0	5	4096.0	1024	1024	0.0	0.3046901635502409	1.0	1.0	0.638671875	0.638671875	0.3046901635502409	0.6920433044433594	0.705482842353411	0.5443349753694581	0.23705060389265337	0.10910654929273278
TES_polyA	TES / poly(A)	step17000	CropGenome-FM step17000	step17000	1.0	5	4096.0	1024	1024	0.0	0.29837319989576827	1.0	1.0	0.6455078125	0.6455078125	0.29837319989576827	0.694549560546875	0.700643372606333	0.601536772777168	0.23653503313117769	0.1152976822945675
