step	split	lr	loss	mlm_loss	rc_loss	selection_loss	region_loss	region_acc	region_valid_count
14010	train	8.523217581736747e-05	1.0835492643756712	1.0098453328917136	0.12902683913707733	1.0124258696744552	1.4224678940243192	0.5277777777777778	36.0
14020	train	8.521079914567018e-05	1.1288569211678607	1.0496282593724036	0.14558883210023243	1.0525400360144082	1.526337703069051	0.4166666666666667	36.0
14030	train	8.518941005545452e-05	1.0789231906378112	1.0010648571528171	0.15641033798456191	1.0041930639125083	1.494602534506056	0.3611111111111111	36.0
14040	train	8.516800855551274e-05	1.077939412997204	0.9958179067135233	0.14631789343224633	0.9987442645821683	1.5839029683007135	0.4166666666666667	36.0
14050	train	8.514659465464219e-05	0.9732154021526389	0.8928269346917682	0.2152746394276619	0.8971324274803214	1.52165949344635	0.4444444444444444	36.0
14060	train	8.512516836164531e-05	1.0667120602892186	0.9849592416319263	0.1498077561457952	0.9879553967548422	1.5751332706875272	0.4166666666666667	36.0
14070	train	8.510372968532966e-05	1.0010354051932133	0.9166159994348324	0.19960613548755646	0.9206081221445835	1.6085456609725952	0.3333333333333333	36.0
14080	train	8.508227863450782e-05	1.112050681022729	1.026816708171956	0.1345343581504292	1.0295073953349645	1.6508657137552898	0.3055555555555556	36.0
14090	train	8.506081521799756e-05	1.0688145881179525	0.9872456713136918	0.1688186079263687	0.9906220434722192	1.5638508929146662	0.4166666666666667	36.0
14100	train	8.503933944462166e-05	1.0551160647968452	0.9768739199638367	0.15799756762054232	0.9800338713162475	1.501643869611952	0.4444444444444444	36.0
14110	train	8.5017851323208e-05	1.0075600005971734	0.9187420383016942	0.19900806844234467	0.9227221996705411	1.6967560185326471	0.3611111111111111	36.0
14120	train	8.499635086258954e-05	1.0612016129333783	0.9842773316061174	0.13978547561499807	0.9870730411184174	1.4825714362992182	0.4722222222222222	36.0
14130	train	8.497483807160428e-05	1.117211412795641	1.0357182608494406	0.1636159136891365	1.0389905791232235	1.5644166734483507	0.4444444444444444	36.0
14140	train	8.495331295909536e-05	1.0644872266219265	0.9784113525582228	0.16028953393300374	0.9816171432368829	1.6574016677008734	0.3888888888888889	36.0
14150	train	8.493177553391091e-05	1.1047747251044648	1.0252201507473262	0.14989924099710253	1.0282181355672682	1.5311317907439337	0.4166666666666667	36.0
14160	train	8.491022580490417e-05	1.1294797459118402	1.0578759661563073	0.1359771074106296	1.06059550830452	1.377684752146403	0.5	36.0
14170	train	8.488866378093338e-05	1.161327614390157	1.075266216642296	0.14052465011676152	1.078076709644631	1.6650180949105158	0.3055555555555556	36.0
14180	train	8.486708947086192e-05	1.0700558217319636	0.9886072094691584	0.14348915798796547	0.9914769926289176	1.5715765820609198	0.4166666666666667	36.0
14190	train	8.484550288355818e-05	1.0728382579086122	0.9970384451844192	0.13458550886975396	0.9997301553618143	1.4621620509359572	0.5555555555555556	36.0
14200	train	8.482390402789554e-05	1.1489306280180966	1.0770045535430466	0.13133028729094398	1.0796311592888654	1.385989374584622	0.4444444444444444	36.0
14210	train	8.480229291275252e-05	1.1865762351836668	1.1182263426866041	0.10662613312403361	1.1203588653490848	1.3243473966916401	0.5833333333333334	36.0
14220	train	8.478066954701258e-05	1.1104316882619223	1.0379726741508273	0.1319335162639618	1.0406113444761065	1.3964068757163153	0.5833333333333334	36.0
14230	train	8.475903393956434e-05	1.135736218025702	1.060967774918097	0.10895208517710368	1.0631468166216391	1.451788028081258	0.4166666666666667	36.0
14240	train	8.473738609930132e-05	1.125304403946368	1.0457709915726396	0.17137283997403252	1.0491984483721204	1.5221191114849515	0.3888888888888889	36.0
14250	train	8.471572603512218e-05	1.0245025341548233	0.9491174202698179	0.19852659751971563	0.9530879522202123	1.42829163869222	0.5555555555555556	36.0
14260	train	8.46940537559305e-05	1.1985323109110089	1.1192731531573559	0.08933364897966385	1.121059826136949	1.5494496954811945	0.3611111111111111	36.0
14270	train	8.467236927063499e-05	1.0219105353500253	0.9352373446437193	0.19250368972619375	0.9390874184382432	1.6564623382356432	0.3611111111111111	36.0
14280	train	8.465067258814928e-05	1.1360035976044285	1.049552444329389	0.14007417609294256	1.052353927851248	1.6729933950636122	0.3888888888888889	36.0
14290	train	8.462896371739208e-05	1.1268289355515697	1.0468190003414213	0.137309626241525	1.0495651928662517	1.5452748537063599	0.3888888888888889	36.0
14300	train	8.460724266728707e-05	0.9983174149848377	0.9164045276235231	0.1887753407160441	0.920180034437844	1.5627476109398737	0.4166666666666667	36.0
14310	train	8.458550944676298e-05	1.0924411382445258	1.0029887583853698	0.17370087818966973	1.0064627759491631	1.7195672459072537	0.3333333333333333	36.0
14320	train	8.456376406475348e-05	1.0182389551492874	0.9406097447963897	0.18696956170929802	0.9443491360305757	1.4777963823742337	0.5277777777777778	36.0
14330	train	8.45420065301973e-05	1.0754340225342092	0.9921257697095318	0.1793122192223867	0.9957120140939796	1.5944401688045926	0.3055555555555556	36.0
14340	train	8.452023685203813e-05	1.0774841252536458	0.9993439721800436	0.1741383597254753	1.0028267393745531	1.4931477175818548	0.4166666666666667	36.0
14350	train	8.449845503922469e-05	1.0260471727967309	0.9496394936263607	0.1790018007159233	0.9532195296406791	1.4565528631210327	0.5277777777777778	36.0
14360	train	8.447666110071062e-05	1.0828520681709832	0.995199982383263	0.15955179433027902	0.9983910182698686	1.6892209980222914	0.3055555555555556	36.0
14370	train	8.44548550454546e-05	0.9303979406697672	0.8428545507613892	0.2644259919013296	0.8481430705994157	1.6450974014070299	0.3888888888888889	36.0
14380	train	8.443303688242028e-05	1.103961115051175	1.0259311816283712	0.15261435757080713	1.0289834687797872	1.4995529254277546	0.4444444444444444	36.0
14390	train	8.441120662057627e-05	1.175981116636269	1.095208127734071	0.11189948717753093	1.0974461174776218	1.5706999831729465	0.3888888888888889	36.0
14400	train	8.438936426889618e-05	1.1242919157841977	1.0260721691928814	0.1490827521516217	1.0290538242359137	1.904761830965678	0.3333333333333333	36.0
14410	train	8.43675098363586e-05	1.068432634775073	0.9728741659696539	0.18121816913286845	0.9764985293523113	1.838682108455234	0.3611111111111111	36.0
14420	train	8.4345643331947e-05	1.0199500108285675	0.9331472700493796	0.19253861010074616	0.9369980422513945	1.6590393715434604	0.3055555555555556	36.0
14430	train	8.432376476464992e-05	1.0828972273075788	1.0044725521575286	0.16456740846236548	1.007763900326776	1.502666539616055	0.4444444444444444	36.0
14440	train	8.430187414346081e-05	1.092333646917257	1.0085340162612464	0.1493437880029281	1.011520892021305	1.6162550979190402	0.4166666666666667	36.0
14450	train	8.427997147737806e-05	1.1415421305112048	1.0688239592325692	0.13066252072652182	1.0714372096470997	1.4020984172821045	0.5277777777777778	36.0
14460	train	8.425805677540503e-05	1.0630689868921959	0.9817195971603118	0.16034280161062878	0.9849264531925244	1.5628506739934285	0.3888888888888889	36.0
14470	train	8.423613004655005e-05	1.12347417978151	1.0523702100063697	0.13512549611429372	1.0550727199286556	1.3680291970570881	0.5555555555555556	36.0
14480	train	8.421419129982634e-05	1.0820984943390248	1.0026914965656424	0.1451895574728648	1.0055952877150998	1.530064132478502	0.4722222222222222	36.0
14490	train	8.419224054425212e-05	1.138087432426737	1.0587636425089764	0.114672090113163	1.0610570843112397	1.5406069623099432	0.3888888888888889	36.0
14500	train	8.417027778885049e-05	1.0664279502996081	0.9878109374677083	0.18135262860192192	0.9914379900397468	1.4997992051972284	0.4444444444444444	36.0
14510	train	8.414830304264951e-05	1.0883884446295897	1.0041058216051393	0.17912078027923903	1.007688237210724	1.6140041483773127	0.4166666666666667	36.0
14520	train	8.412631631468218e-05	1.0218793514817957	0.9374492426166934	0.2075177960925632	0.9415995985385447	1.6055950588650174	0.3333333333333333	36.0
14530	train	8.410431761398641e-05	1.1127526419555678	1.028734705873218	0.1473148510687881	1.0316810028945937	1.6214327812194824	0.3611111111111111	36.0
14540	train	8.408230694960504e-05	1.0799930159450994	1.0036334696363831	0.15296787644426027	1.0066928271652684	1.4660037755966187	0.4444444444444444	36.0
14550	train	8.406028433058581e-05	1.1457851611372767	1.0759242103543816	0.13928779338796934	1.0787099662221409	1.341503898302714	0.4444444444444444	36.0
14560	train	8.403824976598141e-05	1.0615996963489422	0.9839130418342058	0.17830711205800373	0.9874791840753658	1.4824102454715304	0.4166666666666667	36.0
14570	train	8.40162032648494e-05	1.0599887420716616	0.967466183236844	0.19315225879351297	0.9713292284127142	1.7731902731789484	0.25	36.0
14580	train	8.399414483625225e-05	0.9906119428022504	0.9233418652160764	0.20069700082143146	0.927355805232505	1.2651227513949077	0.6111111111111112	36.0
14590	train	8.397207448925737e-05	1.0912301437469833	1.016178281169386	0.17645863592624664	1.019707453887911	1.4304537971814473	0.5277777777777778	36.0
14600	train	8.394999223293704e-05	1.1066277449615252	1.036920954360548	0.13430216021481015	1.039606997564844	1.340414947933621	0.6111111111111112	36.0
14610	train	8.392789807636844e-05	1.0428868943595513	0.9699490519043761	0.14739645421504974	0.972896980988677	1.3997982674174838	0.3888888888888889	36.0
14620	train	8.390579202863364e-05	1.1073805628585047	1.026753299285196	0.15331829525530338	1.029819665190302	1.5512179533640544	0.3888888888888889	36.0
14630	train	8.38836740988196e-05	1.1015298543057253	1.01622098864927	0.15591141002045739	1.019339216849679	1.6438127491209242	0.4722222222222222	36.0
14640	train	8.386154429601817e-05	1.140813061279986	1.0642733970653022	0.12871843638519445	1.066847765793006	1.4793059097396002	0.5833333333333334	36.0
14650	train	8.383940262932609e-05	1.155747595880764	1.075094302106404	0.1399530228227377	1.0778933625628588	1.5570846663581	0.4722222222222222	36.0
14660	train	8.381724910784493e-05	1.037866960559531	0.9639063601055846	0.17964784428477287	0.9674993169912801	1.4073528713650174	0.4166666666666667	36.0
14670	train	8.379508374068121e-05	1.0359480235625018	0.9568197524033033	0.18005618535810047	0.9604208761104653	1.5105429490407307	0.4166666666666667	36.0
14680	train	8.377290653694623e-05	1.1078360387977961	1.0340441236824132	0.17003741214672724	1.0374448719253477	1.407823337448968	0.5277777777777778	36.0
14690	train	8.375071750575621e-05	1.1014718438544469	1.032153605701221	0.13552767969667912	1.0348641592951546	1.3321536911858454	0.5	36.0
14700	train	8.372851665623225e-05	1.057147231544248	0.9844226050594036	0.16477071692546208	0.9877180193979128	1.3885842429267035	0.5277777777777778	36.0
14710	train	8.370630399750027e-05	1.0442218801266454	0.9656668150643345	0.19253255592452156	0.969517466182825	1.4940882788764105	0.3333333333333333	36.0
14720	train	8.368407953869104e-05	1.0802262213201594	1.008523331818111	0.17443477610747019	1.0120120273402604	1.3642838795979817	0.5277777777777778	36.0
14730	train	8.366184328894021e-05	1.0776668805111125	0.9981944954498287	0.17118464969098568	1.0016181884436484	1.520973841349284	0.5	36.0
14740	train	8.363959525738825e-05	1.0985313603129028	1.0218528794427089	0.15385294126139748	1.0249299382679369	1.4720284408993192	0.5	36.0
14750	train	8.361733545318049e-05	1.0998013631023331	1.019561276280287	0.12951351412468487	1.0221515465627806	1.5529963307910495	0.3888888888888889	36.0
14760	train	8.35950638854671e-05	1.0737868638600567	0.9932076525455374	0.1548654834429423	0.9963049622143962	1.549638032913208	0.4166666666666667	36.0
14770	train	8.357278056340306e-05	1.1080259071063447	1.0219818618625185	0.13770199256638685	1.0247359017138462	1.665800107849969	0.2777777777777778	36.0
14780	train	8.355048549614825e-05	1.0566640996670167	0.9675643521615638	0.19545819527573055	0.9714735160670784	1.7038116719987657	0.2777777777777778	36.0
14790	train	8.352817869286728e-05	1.0908822921142247	1.0087919285206597	0.1582834633688132	1.011957597788036	1.5784938865237765	0.3333333333333333	36.0
14800	train	8.350586016272965e-05	1.1650019535992742	1.0955286095017394	0.10362476160128911	1.097601104733765	1.3480169773101807	0.6111111111111112	36.0
14810	train	8.348352991490967e-05	1.0121972084917648	0.9288129917328247	0.22297996282577515	0.9332725909893402	1.578492350048489	0.3611111111111111	36.0
14820	train	8.346118795858646e-05	1.1123305905678218	1.0300900312084302	0.17718840142091116	1.0336337992368485	1.573935826619466	0.3611111111111111	36.0
14830	train	8.343883430294396e-05	1.0816927421722542	1.0040989000897007	0.16643921203083462	1.0074276843303174	1.4853011568387349	0.4722222222222222	36.0
14840	train	8.341646895717091e-05	1.083495298342971	0.9995745066143422	0.15445628017187119	1.0026636322177795	1.6166333225038316	0.3611111111111111	36.0
14850	train	8.339409193046084e-05	1.1151894575790033	1.0397815275624858	0.12534018026457894	1.0422883311677773	1.4580225282245212	0.4722222222222222	36.0
14860	train	8.337170323201212e-05	1.0930780739462778	1.0136877437591294	0.15732369845112165	1.0168342177281517	1.5248771243625217	0.3888888888888889	36.0
14870	train	8.33493028710279e-05	1.0976342599746267	1.0228206228475618	0.1574454534177979	1.0259695319159177	1.4332945611741807	0.4722222222222222	36.0
14880	train	8.332689085671612e-05	1.1432447875952851	1.0612811359928183	0.13229425872365633	1.0639270211672913	1.5863553285598755	0.5277777777777778	36.0
14890	train	8.33044671982895e-05	1.1496934710798505	1.0802256801715668	0.1236072838306427	1.0826978258481796	1.3399129046334162	0.5	36.0
14900	train	8.328203190496556e-05	1.1157575429400455	1.0351720918371266	0.13367665360371273	1.0378456249092007	1.558238360616896	0.3888888888888889	36.0
14910	train	8.325958498596663e-05	1.0764116284687566	0.9980208729975005	0.14176780399349	1.0008562290773704	1.511107987827725	0.3611111111111111	36.0
14920	train	8.323712645051975e-05	1.079172844225033	0.9951133879403578	0.1939745725442966	0.9989928793912437	1.603599296675788	0.3888888888888889	36.0
14930	train	8.321465630785681e-05	0.9790678964843258	0.9032190291739077	0.21383342544237774	0.9074956976827553	1.4314439760314093	0.4166666666666667	36.0
14940	train	8.319217456721443e-05	1.0970930802922962	1.0096119142507367	0.13966979831457138	1.012405310217028	1.6937554015053644	0.4166666666666667	36.0
14950	train	8.316968123783398e-05	1.113903358941733	1.028799152786989	0.14632266180382836	1.0317256060230657	1.6435550583733454	0.3333333333333333	36.0
14960	train	8.314717632896164e-05	1.1214304830713937	1.0382719750123424	0.12990351104074055	1.0408700452331572	1.6112087567647297	0.4722222222222222	36.0
14970	train	8.312465984984833e-05	0.9846069145587161	0.9027607538149166	0.2169176135212183	0.907099106085341	1.5501561694675021	0.4444444444444444	36.0
14980	train	8.310213180974971e-05	1.0662399526700224	0.988289957701979	0.17404139869742924	0.9917707856759276	1.489383339881897	0.4444444444444444	36.0
14990	train	8.307959221792621e-05	1.058237335410486	0.9693826484614978	0.16366520855161878	0.9726559526325301	1.711627655559116	0.3611111111111111	36.0
15000	train	8.305704108364301e-05	1.0650587824434028	0.9929227073407821	0.17170168310403824	0.9963567410028629	1.3740408288107977	0.5277777777777778	36.0
15000	val		1.1183426330863289	1.0371264713102644	0.1555958394292091	1.0402383880988486	1.5620848997496068	0.4322916666666667	192.0
15010	train	8.303447841617003e-05	1.1179156392109209	1.0404647671969547	0.14522545288006464	1.0433692762545559	1.490927259127299	0.4722222222222222	36.0
15020	train	8.301190422478193e-05	1.1111665854435058	1.0227697272927454	0.14411811903119087	1.0256520896733692	1.7102899154027302	0.3888888888888889	36.0
15030	train	8.29893185187581e-05	1.0635024800528325	0.9839304726533662	0.17752084508538246	0.9874808895550738	1.520431809955173	0.5555555555555556	36.0
15040	train	8.296672130738268e-05	1.0900851395573687	1.0060173318181524	0.15436269236462458	1.009104585665445	1.6196110778384738	0.5	36.0
15050	train	8.294411259994453e-05	1.1034082899645168	1.0226282045730484	0.15202104051907858	1.02566862538343	1.554793291621738	0.3888888888888889	36.0
15060	train	8.292149240573723e-05	1.0993612496368697	1.0177129371774805	0.12674269328514734	1.0202477910431833	1.5822691718737285	0.3611111111111111	36.0
15070	train	8.289886073405908e-05	1.0916165239808815	1.0111959649156719	0.15297151688072416	1.0142553952532865	1.5472225745519002	0.4166666666666667	36.0
15080	train	8.287621759421311e-05	1.1103942361010348	1.0314718279523885	0.12696665152907372	1.0340111609829699	1.5276615023612976	0.4166666666666667	36.0
15090	train	8.28535629955071e-05	1.0408221427644242	0.9621169979335482	0.1915351338684559	0.9659477006109173	1.497488843070136	0.4722222222222222	36.0
15100	train	8.283089694725341e-05	0.9864257232609424	0.9037294644627007	0.23098795488476753	0.908349223560396	1.5615299940109253	0.4166666666666667	36.0
15110	train	8.28082194587693e-05	1.1226362195607738	1.0359281654581713	0.15080865011328742	1.038944338460437	1.6738376220067341	0.3611111111111111	36.0
15120	train	8.278553053937655e-05	1.0454335630553233	0.9639384986493921	0.165084728350242	0.9672401932163969	1.5638673967785306	0.4722222222222222	36.0
15130	train	8.276283019840174e-05	1.1153018548080562	1.0317723174713622	0.1610015539659394	1.0349923485506811	1.6061901251475017	0.3611111111111111	36.0
15140	train	8.274011844517615e-05	1.147411785095704	1.0496109908388824	0.1436979744051184	1.0524849503269849	1.898536695374383	0.25	36.0
15150	train	8.271739528903569e-05	1.1123663731643048	1.0262670393597901	0.1434958597852124	1.0291369565554944	1.6645883321762085	0.3611111111111111	36.0
15160	train	8.269466073932101e-05	1.0554678415261345	0.9737297000241913	0.17733320552441809	0.9772763641346797	1.5638295478290982	0.3888888888888889	36.0
15170	train	8.267191480537741e-05	1.112623735194391	1.0343082206861702	0.14610851059357324	1.0372303908980416	1.5078668859269884	0.4166666666666667	36.0
15180	train	8.264915749655492e-05	1.0937677140332496	1.020655073784845	0.15670795241991678	1.0237892328332434	1.3995696240001254	0.5555555555555556	36.0
15190	train	8.262638882220816e-05	1.1267572324158122	1.0499114908656846	0.13885578910509747	1.0526886066477865	1.4813725153605144	0.4444444444444444	36.0
15200	train	8.26036087916965e-05	1.062812904843511	0.9769354256677845	0.1792713036139806	0.9805208517400641	1.6458410620689392	0.3055555555555556	36.0
15210	train	8.258081741438395e-05	1.0898789473262145	1.005233581046599	0.1617534098525842	1.0084686492436508	1.6282059616512723	0.3888888888888889	36.0
15220	train	8.255801469963918e-05	0.9996519295918347	0.9308706249145072	0.1915685494740804	0.9347019959039888	1.2989986737569172	0.6111111111111112	36.0
15230	train	8.253520065683552e-05	1.136806054595969	1.05745055759999	0.13178130818737877	1.0600861837637376	1.5343974166446261	0.3888888888888889	36.0
15240	train	8.251237529535096e-05	0.9245713666371034	0.8385787073315706	0.21617954845229784	0.8429022983006166	1.6333813667297363	0.4444444444444444	36.0
15250	train	8.248953862456815e-05	1.0660397505282795	0.979996293940753	0.1885884036620458	0.9837680620139939	1.6454337702857122	0.3333333333333333	36.0
15260	train	8.246669065387439e-05	1.0753622282376063	0.9910251987446409	0.16765531414636858	0.9943783050275683	1.6196784642007616	0.3611111111111111	36.0
15270	train	8.24438313926616e-05	1.0780184396206463	1.0018651596571793	0.16719114234050114	1.0052089825039894	1.4561891423331366	0.5277777777777778	36.0
15280	train	8.242096085032637e-05	1.0819419920567253	1.0043152599589935	0.16880062421162922	1.007691272443226	1.4850143922699823	0.5277777777777778	36.0
15290	train	8.239807903626993e-05	1.1293296783818814	1.0495949954278614	0.11511825439002779	1.0518973605156619	1.5486463573243883	0.3888888888888889	36.0
15300	train	8.23751859598981e-05	1.0664244721255487	0.9812369255345847	0.15668621559937795	0.9843706498465723	1.6410764455795288	0.4722222222222222	36.0
15310	train	8.235228163062137e-05	1.1814444593474194	1.1041145556719691	0.10369200673368242	1.1061883958066427	1.5051212708155315	0.5	36.0
15320	train	8.232936605785485e-05	1.114441719867265	1.0239841410459503	0.1532031590739886	1.02704820422743	1.7478703127966986	0.25	36.0
15330	train	8.230643925101827e-05	1.001313506525909	0.9275500583272726	0.21810386909378898	0.9319121357091483	1.3880274163352118	0.5555555555555556	36.0
15340	train	8.228350121953595e-05	1.0909152089363738	1.009387887226847	0.1572281042734782	1.0125324493123165	1.5676551924811468	0.4166666666666667	36.0
15350	train	8.22605519728369e-05	0.9773942714242695	0.8957077112107037	0.20801239046785566	0.8998679590200608	1.5505262480841742	0.4166666666666667	36.0
15360	train	8.223759152035464e-05	1.0195997133973103	0.93286467477658	0.18720421505471072	0.9366087590776742	1.6598190863927205	0.4166666666666667	36.0
15370	train	8.221461987152735e-05	1.1368656908715606	1.050473457715065	0.11862841165728039	1.0528460259482106	1.6803932984670003	0.3333333333333333	36.0
15380	train	8.219163703579784e-05	1.055418284306116	0.9701336103371652	0.2100752360290951	0.9743351150577471	1.62166338496738	0.4722222222222222	36.0
15390	train	8.216864302261343e-05	1.1153361159651278	1.0328298152988618	0.1290130445526706	1.0354100761899152	1.5985207955042522	0.2777777777777778	36.0
15400	train	8.214563784142614e-05	1.1146931641817939	1.033174442257734	0.16389265718559423	1.036452295401446	1.5648173756069608	0.3888888888888889	36.0
15410	train	8.212262150169252e-05	1.1138595728552825	1.0440032391061207	0.12176945888333851	1.0464386282837874	1.3484188914299011	0.5277777777777778	36.0
15420	train	8.209959401287371e-05	1.129382318897938	1.048748965919576	0.14067070931196213	1.0515623801058152	1.5563987758424547	0.4444444444444444	36.0
15430	train	8.207655538443543e-05	1.0736748576480262	0.9797976908486531	0.151101133475701	0.9828197135181671	1.8171028825971816	0.3055555555555556	36.0
15440	train	8.2053505625848e-05	1.0762232767107	0.9879612892232249	0.18706588546435038	0.9917026069325119	1.6904133955637615	0.4722222222222222	36.0
15450	train	8.203044474658632e-05	1.0764118965779748	0.9969264478450027	0.15652152573068936	1.0000568783596164	1.5271003643671672	0.5	36.0
15460	train	8.200737275612984e-05	1.076485312612676	1.0006869933656422	0.15154546168115404	1.0037179025992653	1.4553482002682157	0.4722222222222222	36.0
15470	train	8.198428966396257e-05	1.0247080904233714	0.9408606426737303	0.16814827173948288	0.9442236081085199	1.609689646297031	0.3611111111111111	36.0
15480	train	8.19611954795731e-05	1.1177576538058187	1.038361418608036	0.17537431170543036	1.0418689048421448	1.5177749792734783	0.4166666666666667	36.0
15490	train	8.193809021245459e-05	1.080314662936102	1.0137516051028543	0.17028261886702645	1.0171572574801948	1.2631481091181438	0.6111111111111112	36.0
15500	train	8.191497387210472e-05	0.9963368113227525	0.9178553867659144	0.21440098881721498	0.9221434065422587	1.4838680956098769	0.4444444444444444	36.0
15510	train	8.189184646802576e-05	1.1016662061406917	1.0227827496522413	0.14995819826920828	1.0257819136176254	1.517685850461324	0.4444444444444444	36.0
15520	train	8.186870800972453e-05	1.163642117434323	1.0854895943356027	0.09954401147034433	1.0874804745650095	1.5232328573862712	0.3888888888888889	36.0
15530	train	8.184555850671235e-05	1.025010562218489	0.9467219413922183	0.1752527943915791	0.9502269972800499	1.4956712987687852	0.4444444444444444	36.0
15540	train	8.18223979685051e-05	1.0972664898338464	1.0156132039194352	0.15514477559675774	1.0187160994313704	1.5710078080495198	0.3888888888888889	36.0
15550	train	8.179922640462323e-05	1.1498989881640065	1.063016229318121	0.12199017951885859	1.065456032908498	1.6888591051101685	0.3055555555555556	36.0
15560	train	8.177604382459167e-05	1.0592347430004336	0.9782536616074036	0.14464684658580357	0.9811465985391197	1.5617628892262776	0.3333333333333333	36.0
15570	train	8.175285023793992e-05	1.155587286924454	1.0770272293886862	0.11095410858591398	1.0792463115604045	1.5268195072809856	0.5	36.0
15580	train	8.172964565420198e-05	1.0189148037539204	0.944259766066036	0.16010269025961557	0.9474618198712284	1.4290596776538425	0.4722222222222222	36.0
15590	train	8.170643008291638e-05	1.0653968834334155	0.9868688639999587	0.16099115106321515	0.990088687021223	1.506163928243849	0.4444444444444444	36.0
15600	train	8.168320353362616e-05	1.0965436759730078	1.0168384911093344	0.16715954575273725	1.0201816820243892	1.5272398789723713	0.4444444444444444	36.0
15610	train	8.165996601587889e-05	1.0733002684470225	0.9965804433282424	0.16595467842287487	0.9998995368966999	1.4680146310064528	0.5277777777777778	36.0
15620	train	8.163671753922662e-05	1.1253695747340142	1.0536905671905563	0.1281403104464213	1.0562533733994848	1.382324026690589	0.5	36.0
15630	train	8.161345811322591e-05	1.1288315902497559	1.042806755183093	0.13316843360662461	1.0454701238552255	1.667229327890608	0.3888888888888889	36.0
15640	train	8.159018774743786e-05	1.107819272142059	1.0304766812371609	0.15483431766430536	1.033573367590447	1.4849180910322402	0.4166666666666667	36.0
15650	train	8.156690645142804e-05	1.0043266452079405	0.9304403010996238	0.17518952190876008	0.933944091537799	1.4076510734028287	0.4722222222222222	36.0
15660	train	8.154361423476649e-05	1.1291371888921924	1.0566026616682214	0.1110655487411552	1.0588239726430444	1.406264324982961	0.5	36.0
15670	train	8.152031110702775e-05	1.0556212961919662	0.9745983806332837	0.1449461935294999	0.9774973045038737	1.562479833761851	0.2777777777777778	36.0
15680	train	8.149699707779089e-05	1.0867188685271494	1.0130037838849775	0.1598499971959326	1.0162007838288962	1.410361693965064	0.5277777777777778	36.0
15690	train	8.14736721566394e-05	1.1077925574621474	1.0270517003676212	0.13911306709051133	1.0298339617094314	1.5591719150543213	0.5	36.0
15700	train	8.14503363531613e-05	1.1086349450061963	1.0235309417283969	0.16880244318218457	1.0269069905920405	1.634559088283115	0.4166666666666667	36.0
15710	train	8.142698967694904e-05	1.089606457011802	1.0150804485846587	0.14675083061059316	1.0180154651968707	1.4318198362986247	0.4722222222222222	36.0
15720	train	8.140363213759954e-05	0.9890603773681862	0.9076686733320564	0.17634444534778596	0.9111955622390121	1.5572963025834825	0.3888888888888889	36.0
15730	train	8.138026374471423e-05	1.0592910645518183	0.9939389366438137	0.14354626130726603	0.996809861869959	1.2496240536371868	0.5833333333333334	36.0
15740	train	8.135688450789897e-05	1.0257253290410682	0.9520652620092872	0.18293317705392836	0.9557239255503658	1.4000280698140461	0.4444444444444444	36.0
15750	train	8.133349443676406e-05	1.1119049722420298	1.0405482610199641	0.13981442153453827	1.0433445494506548	1.371208455827501	0.5555555555555556	36.0
15760	train	8.131009354092431e-05	1.121220223379566	1.049770403692226	0.1374707031581137	1.0525198177553883	1.3740081124835544	0.5555555555555556	36.0
15770	train	8.128668182999892e-05	1.1245991988132777	1.0469286941224054	0.12530820444226265	1.0494348582112507	1.503286812040541	0.4722222222222222	36.0
15780	train	8.126325931361156e-05	1.0689971669920033	0.984195514845293	0.20233490963776907	0.9882422130380484	1.6150990790790982	0.4166666666666667	36.0
15790	train	8.123982600139035e-05	1.0658163550031337	0.9833378784958106	0.1603803506919316	0.9865454855096492	1.58541738986969	0.4444444444444444	36.0
15800	train	8.121638190296783e-05	1.0315886201766775	0.9488645172590328	0.17951690074470308	0.9524548552739268	1.582675298055013	0.4166666666666667	36.0
15810	train	8.1192927027981e-05	1.1319874941002466	1.0600893726720881	0.13339887683590254	1.0627573502088061	1.38460287782881	0.4722222222222222	36.0
15820	train	8.116946138607124e-05	1.1727463857380185	1.0985622197436922	0.1206300954023997	1.10097482165174	1.4354312817255657	0.4166666666666667	36.0
15830	train	8.114598498688442e-05	1.105470330605065	1.031374224665253	0.14260276059309643	1.034226279877115	1.424881014559004	0.5277777777777778	36.0
15840	train	8.11224978400708e-05	1.1718164440167653	1.0915548317761263	0.1239728747556607	1.0940342892712396	1.5556430949105158	0.4166666666666667	36.0
15850	train	8.109899995528505e-05	1.0826125240566882	1.009123426898574	0.14987912774085999	1.0121210094533912	1.4098302920659382	0.4722222222222222	36.0
15860	train	8.107549134218628e-05	0.9518274585912833	0.8667522481094011	0.20820321059889263	0.870916312321379	1.6182229253980849	0.4166666666666667	36.0
15870	train	8.105197201043794e-05	1.1035353315692558	1.0202378338894658	0.1425797070066134	1.0230894280295981	1.6089180707931519	0.4166666666666667	36.0
15880	train	8.102844196970801e-05	1.0859303529755546	1.009543296671206	0.15265421370665233	1.0125963809453389	1.4666794406043158	0.5555555555555556	36.0
15890	train	8.100490122966875e-05	1.1507682711778935	1.07436167958533	0.12994453931848207	1.0769605703716996	1.4761540161238775	0.4444444444444444	36.0
15900	train	8.098134979999689e-05	1.1165633966727577	1.0406850627780149	0.12617680008212726	1.0432085987796573	1.4670959578620062	0.4444444444444444	36.0
15910	train	8.095778769037352e-05	1.085218091185075	1.0134445362063897	0.13716973022868237	1.0161879308109634	1.380603207482232	0.4722222222222222	36.0
15920	train	8.093421491048415e-05	1.1052333974694322	1.0294155630325388	0.1631248543659846	1.0326780601198584	1.4511067469914753	0.5	36.0
15930	train	8.091063147001863e-05	1.1372029349829655	1.0550778675411379	0.12464439185957114	1.0575707553783293	1.592643592092726	0.4444444444444444	36.0
15940	train	8.088703737867127e-05	1.0479996582283477	0.9714225739949842	0.16940722713867823	0.9748107185377578	1.463778793811798	0.3888888888888889	36.0
15950	train	8.086343264614068e-05	1.1587297018782312	1.0824869398887966	0.13626968761285146	1.0852123336410537	1.4703473647435505	0.4722222222222222	36.0
15960	train	8.083981728212987e-05	1.0716003314126203	0.9948602210119702	0.16942231936587226	0.9982486673992876	1.467033280266656	0.5	36.0
15970	train	8.081619129634623e-05	1.0010022397674585	0.9204496451256141	0.1904812842607498	0.9242592708108291	1.5348593791325886	0.3611111111111111	36.0
15980	train	8.079255469850151e-05	1.0760695208707385	0.987265839818345	0.17367549985647202	0.9907393498154745	1.706603421105279	0.3888888888888889	36.0
15990	train	8.076890749831182e-05	1.0459809937574698	0.9629965183752062	0.2022766779576029	0.9670420519343582	1.5787788364622328	0.4722222222222222	36.0
16000	train	8.074524970549764e-05	1.091147676523072	1.0119576944565203	0.16676118224859238	1.015292918101492	1.5170951684315999	0.4722222222222222	36.0
16000	val		1.1176726468567555	1.0376453064763782	0.14966357483349763	1.0406385779730483	1.5406813776741426	0.4479166666666667	192.0
16010	train	8.072158132978379e-05	1.0948390524825973	1.0124756926393201	0.16331629858662686	1.0157420186110526	1.5819406774308946	0.4166666666666667	36.0
16020	train	8.069790238089943e-05	1.1025146651810032	1.025773417060139	0.13389099389314651	1.028451236938002	1.4812685648600261	0.5	36.0
16030	train	8.067421286857812e-05	1.1223067311418877	1.0487853788309123	0.12660893301169077	1.0513175574911462	1.4197834730148315	0.5	36.0
16040	train	8.065051280255768e-05	1.0673467833606454	0.9909731069720173	0.15788789900640646	0.9941308649521455	1.4643183681699965	0.4722222222222222	36.0
16050	train	8.062680219258034e-05	1.0190381487121638	0.9409915670663571	0.18058406809965769	0.9446032484283503	1.4886980056762695	0.5	36.0
16060	train	8.060308104839262e-05	1.1052475201041974	1.0316849509247286	0.13160032158096632	1.034316957356348	1.4186112549569871	0.5833333333333334	36.0
16070	train	8.05793493797454e-05	1.0799050937628611	0.9966375627453986	0.19707675874233246	1.0005790979202454	1.5865199168523152	0.3333333333333333	36.0
16080	train	8.055560719639388e-05	1.1196504093112711	1.0410777445915456	0.14711572371778034	1.0440200590659012	1.512607004907396	0.4722222222222222	36.0
16090	train	8.053185450809756e-05	1.0396084328916257	0.9592735509501483	0.190609163708157	0.9630857342243114	1.5304539733462863	0.4444444444444444	36.0
16100	train	8.050809132462025e-05	1.034004647766206	0.9510861035946209	0.19050228388773072	0.9548961492723755	1.5821699698766072	0.3611111111111111	36.0
16110	train	8.048431765573014e-05	1.086144473173432	1.008688118873251	0.15332747830284965	1.011754668439308	1.4877960946824815	0.5	36.0
16120	train	8.046053351119965e-05	1.1124934131931332	1.0350228214253385	0.1512046872327725	1.038046915169994	1.4889299604627821	0.5	36.0
16130	train	8.043673890080559e-05	1.0081421134645396	0.9351812509836078	0.1935216600696246	0.9390516841850003	1.3818085855907865	0.6388888888888888	36.0
16140	train	8.041293383432899e-05	1.1177290940655853	1.0346342338297354	0.1526468555132548	1.0376871709400004	1.6008384625116985	0.4722222222222222	36.0
16150	train	8.03891183215552e-05	1.0773645798499414	0.9938454303113979	0.17559344818194708	0.9973572992750369	1.600145611498091	0.4722222222222222	36.0
16160	train	8.036529237227391e-05	1.065339989571926	0.9815900180165871	0.16892647246519724	0.984968547465891	1.6074288421207004	0.3611111111111111	36.0
16170	train	8.034145599627906e-05	1.0889199403098593	1.0124965951844753	0.1565283098154598	1.0156271613807846	1.4658555785814922	0.4166666666666667	36.0
16180	train	8.031760920336889e-05	0.9752382700961488	0.9086753436000802	0.18919267877936363	0.9124591971756675	1.2555814584096272	0.5833333333333334	36.0
16190	train	8.029375200334588e-05	1.126199622442425	1.04660722761694	0.122299558420976	1.0490532187853596	1.54292807314131	0.4444444444444444	36.0
16200	train	8.026988440601687e-05	1.1339429293906527	1.0595349691272613	0.12838638263444105	1.06210269677995	1.4368046522140503	0.4166666666666667	36.0
16210	train	8.02460064211929e-05	1.1033915742136853	1.027867583758912	0.1606472364316384	1.0310805284875448	1.4462209145228069	0.5277777777777778	36.0
16220	train	8.022211805868931e-05	1.1240402516084669	1.040377715600804	0.11798730803032716	1.0427374617614107	1.6260557969411213	0.3333333333333333	36.0
16230	train	8.019821932832572e-05	1.14306394020849	1.0697385178436853	0.12369909013311069	1.0722124996463476	1.4170288112428453	0.5555555555555556	36.0
16240	train	8.017431023992599e-05	1.150336320010377	1.0867279958965574	0.13001764400137794	1.089328348776585	1.2201594246758356	0.5555555555555556	36.0
16250	train	8.015039080331822e-05	1.0660742214730399	0.992849284716217	0.1414831562174691	0.9956789478405664	1.4079054726494684	0.5277777777777778	36.0
16260	train	8.012646102833481e-05	0.9966884572778996	0.9270944792648842	0.2021928339575728	0.9311383359440356	1.31100242667728	0.5	36.0
16270	train	8.010252092481239e-05	0.9954664906513215	0.9148278807419725	0.2010700727502505	0.9188492821969775	1.5323441690868802	0.4722222222222222	36.0
16280	train	8.007857050259181e-05	1.1456810601869407	1.0804818449093252	0.13771656807512045	1.0832361762708276	1.2488976783222623	0.6388888888888888	36.0
16290	train	8.005460977151821e-05	1.1240826047279733	1.0449529625957175	0.15015594909588495	1.0479560815776352	1.5225304630067613	0.4444444444444444	36.0
16300	train	8.003063874144092e-05	1.0671351938704579	0.9845200501773022	0.16991585344076157	0.9879183672461174	1.5843365324868097	0.4444444444444444	36.0
16310	train	8.000665742221353e-05	1.079888465361601	0.9962080685563941	0.13974237094322842	0.9990029159752587	1.6177109877268474	0.4722222222222222	36.0
16320	train	7.998266582369388e-05	1.097052682450256	1.018937441088267	0.134623678194152	1.0216299146521501	1.5084553559621174	0.4722222222222222	36.0
16330	train	7.995866395574396e-05	0.9769822668180022	0.9127479327862614	0.20881370372242397	0.9169242068607099	1.2011611991458468	0.6388888888888888	36.0
16340	train	7.993465182823007e-05	1.0993040607687758	1.0254397359474097	0.14086560739411247	1.028257048095292	1.4209402534696791	0.5277777777777778	36.0
16350	train	7.991062945102268e-05	1.0971541188350284	1.018205814925263	0.1373968613644441	1.020953752152552	1.5240073336495294	0.4722222222222222	36.0
16360	train	7.988659683399648e-05	1.0198526092654614	0.9496375760389184	0.15659175316492716	0.9527694111022169	1.3416639632648892	0.6111111111111112	36.0
16370	train	7.986255398703036e-05	1.094700060095042	1.0126291033391988	0.15509304714699587	1.0157309642821386	1.5793819162580702	0.3888888888888889	36.0
16380	train	7.983850092000744e-05	1.0341548657159996	0.9607246045842096	0.14676584717300203	0.9636599215276697	1.4098988837665982	0.5277777777777778	36.0
16390	train	7.981443764281502e-05	0.9970565651248414	0.9105196673893782	0.16256828357776007	0.9137710330609333	1.665710641278161	0.3611111111111111	36.0
16400	train	7.979036416534461e-05	1.128571045910396	1.0585801385393516	0.11958843767642975	1.0609719072928803	1.3519827723503113	0.5833333333333334	36.0
16410	train	7.976628049749193e-05	1.0906176176110596	1.0217170060746892	0.18728548636039097	1.025462715801897	1.3030980361832514	0.5833333333333334	36.0
16420	train	7.974218664915682e-05	1.086475018312511	1.0098838803337453	0.1501503884792328	1.01288688810333	1.471762604183621	0.4722222222222222	36.0
16430	train	7.971808263024336e-05	1.016562616240988	0.9406229189737073	0.18421545169419712	0.9443072280075913	1.445107764667935	0.3888888888888889	36.0
16440	train	7.969396845065983e-05	1.0543101166459716	0.9759442841863761	0.19743160530924797	0.9798929162925611	1.4883440070682101	0.3611111111111111	36.0
16450	train	7.966984412031865e-05	1.0598490246358518	0.9845430340197852	0.14310185642292103	0.9874050711482436	1.4488790697521634	0.5	36.0
16460	train	7.96457096491364e-05	1.0850362157529592	1.0127431216819858	0.13956874305451358	1.0155344965430761	1.390034384197659	0.5277777777777778	36.0
16470	train	7.962156504703388e-05	1.0218120700723812	0.9511372083366133	0.20562727914916146	0.9552497539195965	1.3312463230556912	0.5277777777777778	36.0
16480	train	7.959741032393598e-05	1.0942287822738823	1.0023852874016301	0.17015154659748077	1.0057883183335798	1.7688092788060505	0.4444444444444444	36.0
16490	train	7.957324548977184e-05	1.1594797255878897	1.084930541907938	0.12083809077739716	1.087347303723486	1.4426484372880723	0.4722222222222222	36.0
16500	train	7.954907055447469e-05	1.0278698934570933	0.956630014656913	0.17274760868814257	0.9600849668306759	1.3556985325283475	0.5833333333333334	36.0
16510	train	7.952488552798194e-05	1.108432055880214	1.0227596967845347	0.15728104909261068	1.0259053177663868	1.6505347622765436	0.3888888888888889	36.0
16520	train	7.950069042023512e-05	1.004398929352657	0.9287461579625103	0.1823713645339012	0.9323935852531883	1.4401068819893732	0.4722222222222222	36.0
16530	train	7.947648524117996e-05	1.0122490913605435	0.9344914389586193	0.18329261740048727	0.9381572913066291	1.4818360010782878	0.4166666666666667	36.0
16540	train	7.945227000076626e-05	1.1038519507560514	1.0395501699792062	0.13067604353030524	1.0421636908498124	1.2337651981247797	0.6111111111111112	36.0
16550	train	7.942804470894801e-05	1.1090132240838884	1.0283643897924566	0.12407492183976704	1.030845888229252	1.563346717092726	0.3611111111111111	36.0
16560	train	7.940380937568332e-05	1.071365930290817	0.996706425830853	0.1813686208592521	1.000333798248038	1.4206426408555772	0.5555555555555556	36.0
16570	train	7.937956401093438e-05	1.0760754842380291	1.0157271024140655	0.1581399420897166	1.0188899012558599	1.1437116596433852	0.5277777777777778	36.0
16580	train	7.935530862466759e-05	1.0736717555582185	1.0027110506057402	0.17011336833238602	1.0061133179723878	1.3511687517166138	0.5	36.0
16590	train	7.93310432268534e-05	1.097064298802628	1.022810325957683	0.13112474530935286	1.02543282086387	1.43262955877516	0.4166666666666667	36.0
16600	train	7.930676782746642e-05	1.1197138810094296	1.0459052538063227	0.14263827974597612	1.0487580194012422	1.419117232163747	0.5	36.0
16610	train	7.928248243648531e-05	1.1197370310822798	1.030271809008354	0.16798794170220693	1.0336315678423982	1.7221092647976346	0.3055555555555556	36.0
16620	train	7.92581870638929e-05	1.1397592310204478	1.062908926375479	0.1155871306028631	1.0652206689875363	1.4907712406582303	0.4722222222222222	36.0
16630	train	7.923388171967612e-05	1.146851793268761	1.0724140589198545	0.151298022766908	1.0754400193751927	1.428235477871365	0.5277777777777778	36.0
16640	train	7.920956641382595e-05	1.0888206441316686	1.014522225093214	0.15499922037124633	1.0176222095006389	1.4239686926205952	0.5277777777777778	36.0
16650	train	7.918524115633749e-05	1.1267654194594576	1.0560984930556172	0.15780077874660492	1.0592545086305494	1.3502182165781658	0.5277777777777778	36.0
16660	train	7.916090595720996e-05	1.069287825060554	0.9865752148456053	0.15516668475336498	0.9896785485406726	1.5921855303976271	0.5555555555555556	36.0
16670	train	7.913656082644663e-05	1.1128881350331654	1.0239756242109486	0.15888432413339615	1.0271533106936166	1.7146964867909749	0.3611111111111111	36.0
16680	train	7.911220577405484e-05	1.0394906356409561	0.9607583487506084	0.17346284455723232	0.964227605641753	1.5052605999840631	0.4166666666666667	36.0
16690	train	7.908784081004608e-05	1.0249545872584038	0.9520379644309535	0.1984260415037473	0.9560064852610284	1.3789620399475098	0.5555555555555556	36.0
16700	train	7.906346594443584e-05	1.11834853547128	1.0360544000464542	0.1442241238223182	1.0389388825229007	1.5881930589675903	0.4166666666666667	36.0
16710	train	7.90390811872437e-05	1.063652346037517	0.9777876209908292	0.18555864691734314	0.981498793929176	1.6430710421668158	0.4166666666666667	36.0
16720	train	7.901468654849331e-05	1.0462285326286653	0.9780649348958829	0.16405487143331104	0.9813460323245491	1.2976500060823228	0.5555555555555556	36.0
16730	train	7.899028203821239e-05	1.1305159928658848	1.051918982783216	0.14329240918159486	1.054784830966848	1.5146232379807367	0.3611111111111111	36.0
16740	train	7.896586766643273e-05	1.142106839494305	1.0671863129169383	0.12654377851221296	1.0697171884871826	1.4477930201424494	0.4722222222222222	36.0
16750	train	7.894144344319016e-05	1.1688830267971655	1.0896524416161146	0.12392486880222957	1.0921309389921592	1.5350417561001248	0.5	36.0
16760	train	7.891700937852452e-05	1.1845339311126206	1.11502936504417	0.10896891728043556	1.1172087433897788	1.346503754456838	0.6388888888888888	36.0
16770	train	7.889256548247975e-05	1.0071952930907493	0.9334188299199029	0.19575502309534284	0.9373339303818098	1.397227254178789	0.5	36.0
16780	train	7.88681117651038e-05	1.0363828535650361	0.9610509176990246	0.17994145138396156	0.9646497467267039	1.4346621367666457	0.5277777777777778	36.0
16790	train	7.88436482364487e-05	0.9847189869650532	0.904475271039704	0.21477215571535957	0.9087707141540112	1.5189654562208388	0.5	36.0
16800	train	7.881917490657043e-05	1.0785333659462648	0.9998497558182329	0.17595344285170236	1.003368824675267	1.5032908254199557	0.4444444444444444	36.0
16810	train	7.879469178552912e-05	1.118216017302366	1.0378863611252693	0.13527861436208088	1.0405919334125109	1.5524816777971056	0.3055555555555556	36.0
16820	train	7.877019888338881e-05	1.102489243906892	1.0253674819043843	0.15548157518108685	1.028477113408006	1.4802426099777222	0.5	36.0
16830	train	7.87456962102176e-05	1.154170394204954	1.070585170280408	0.14575676974796115	1.0735003056753671	1.6134017705917358	0.4166666666666667	36.0
16840	train	7.872118377608766e-05	1.015474163825481	0.9383451285976524	0.22645276619328392	0.9428741839215181	1.4519995980792575	0.5	36.0
16850	train	7.869666159107506e-05	1.0231710065649369	0.9469921695461102	0.1758706998966989	0.9505095835440441	1.4532284604178534	0.5277777777777778	36.0
16860	train	7.867212966526002e-05	1.140837840756809	1.0716141950630829	0.12512859536541832	1.0741167669703913	1.3344214757283528	0.6111111111111112	36.0
16870	train	7.864758800872664e-05	1.0981112535503088	1.0238057703614147	0.13474801282087961	1.0265007306178324	1.4322104586495294	0.5277777777777778	36.0
16880	train	7.862303663156307e-05	1.1735276924402367	1.0975791484644861	0.10346887658039729	1.099648525996094	1.4775833288828533	0.4444444444444444	36.0
16890	train	7.859847554386146e-05	1.0506521286077988	0.9752997102016566	0.15889623016119003	0.9784776348048804	1.4434898760583665	0.5277777777777778	36.0
16900	train	7.857390475571794e-05	1.0066052782410153	0.9270646934251422	0.20414893825848898	0.931147672190312	1.5091521210140653	0.3888888888888889	36.0
16910	train	7.854932427723267e-05	1.086989874872342	1.0172848677298514	0.1507816712061564	1.0203005011539745	1.3337874743673537	0.5555555555555556	36.0
16920	train	7.85247341185097e-05	1.0448154140725885	0.9613226704513186	0.1593813126285871	0.9645102967038903	1.6061023473739624	0.4166666666666667	36.0
16930	train	7.850013428965714e-05	1.1497412089520336	1.0745715604363522	0.11777047254145145	1.0769269698871813	1.4562847812970479	0.5277777777777778	36.0
16940	train	7.847552480078704e-05	0.9674620749472126	0.8927484367375782	0.2462226210369004	0.8976728891583162	1.395783715777927	0.5	36.0
16950	train	7.845090566201547e-05	1.099127080136061	1.0298253301549491	0.13103288329309887	1.0324459878208112	1.3336218463049994	0.5833333333333334	36.0
16960	train	7.842627688346239e-05	1.0395595347455968	0.9589383623808547	0.19050186091945284	0.9627483995992437	1.5362227029270596	0.4722222222222222	36.0
16970	train	7.840163847525176e-05	1.0639999242814322	0.9887927526095119	0.1393356505367491	0.9915794656202469	1.4484091732237074	0.5555555555555556	36.0
16980	train	7.837699044751153e-05	1.0448900789461277	0.9474600275697054	0.1737458015481631	0.9509349436006687	1.8791027069091797	0.2777777777777778	36.0
16990	train	7.835233281037354e-05	1.0603669534528706	0.9801308580508947	0.17702891826629638	0.9836714364162207	1.5339103407329984	0.4444444444444444	36.0
17000	train	7.832766557397364e-05	1.0863417036577094	1.0097253942483693	0.13956430844134754	1.0125166804171961	1.4765004648102655	0.4722222222222222	36.0
17000	val		1.115095158110942	1.0363185091786151	0.15268348645749782	1.039372178907765	1.51445958406354	0.453125	192.0
17010	train	7.830298874845156e-05	1.066905011910475	0.9945533127005994	0.15920929461717606	0.9977374985929429	1.3833502663506403	0.4444444444444444	36.0
17020	train	7.827830234395106e-05	1.0576487198149145	0.9859165368585103	0.17103100766738255	0.989337157011858	1.36623125606113	0.4444444444444444	36.0
17030	train	7.825360637061976e-05	1.0300789138633177	0.9573580224108199	0.20458995716439354	0.9614498215541077	1.3725818461842008	0.5277777777777778	36.0
17040	train	7.822890083860924e-05	1.1093382773918075	1.0217669482981657	0.14470738917589188	1.0246610960816835	1.6935436262024774	0.4444444444444444	36.0
17050	train	7.820418575807502e-05	1.1098168710938332	1.041758203910911	0.14014318254258898	1.0445610675617627	1.3051160706414118	0.6111111111111112	36.0
17060	train	7.817946113917652e-05	1.0961558648907137	1.0292411526028142	0.1567180072888732	1.0323755127485916	1.275607042842441	0.5	36.0
17070	train	7.815472699207713e-05	1.0537365739276345	0.9801316084941563	0.1632424969640043	0.9833964584334364	1.4068023098839655	0.4722222222222222	36.0
17080	train	7.812998332694409e-05	1.0567465360364376	0.9769612561730271	0.1934529890616735	0.9808303159542605	1.518324401643541	0.3611111111111111	36.0
17090	train	7.810523015394862e-05	1.0984550332802685	1.023733454109379	0.15362920446528328	1.0268060381986848	1.432979901631673	0.5555555555555556	36.0
17100	train	7.808046748326579e-05	1.1673213909253337	1.089224363358636	0.12050824165344239	1.0916345281917048	1.5137372546725802	0.3611111111111111	36.0
17110	train	7.805569532507457e-05	1.1086523517662454	1.0285676291943426	0.15394185980161032	1.0316464663903748	1.540117707517412	0.3888888888888889	36.0
17120	train	7.803091368955793e-05	1.0402669065399386	0.9542616157270223	0.19565708769692314	0.9581747574809607	1.6418429811795552	0.4444444444444444	36.0
17130	train	7.800612258690262e-05	1.0433896670611273	0.9812088846718178	0.15283189043402673	0.9842655224804983	1.1824828916125827	0.6111111111111112	36.0
17140	train	7.798132202729933e-05	1.0680104981079832	0.998198303465062	0.16424373475213846	1.0014831781601048	1.3305463989575703	0.5277777777777778	36.0
17150	train	7.795651202094262e-05	1.1054452418168432	1.0393504544592613	0.1286985528965791	1.0419244255171929	1.2704163259930081	0.5833333333333334	36.0
17160	train	7.793169257803097e-05	1.0257332301884738	0.9437419134792204	0.1904724289973577	0.9475513620591676	1.5636373625861273	0.4166666666666667	36.0
17170	train	7.790686370876671e-05	1.0941159434234196	1.028319827544864	0.14555758320622975	1.0312309792089887	1.2576992842886183	0.6111111111111112	36.0
17180	train	7.788202542335604e-05	1.0903226523083038	1.013011808575682	0.1616059144337972	1.016243926864358	1.4815745088789198	0.4166666666666667	36.0
17190	train	7.785717773200907e-05	1.0927962756922924	1.0237028924462943	0.14205448627471923	1.0265439821717888	1.3250458704100714	0.5555555555555556	36.0
17200	train	7.78323206449397e-05	1.0291967443886476	0.9621345997159425	0.18496458046138287	0.9658338913251702	1.2672570612695482	0.6111111111111112	36.0
17210	train	7.780745417236577e-05	1.1858055627542599	1.1108235969860054	0.08609977768113215	1.1125455925396281	1.4651994042926364	0.4722222222222222	36.0
17220	train	7.778257832450895e-05	1.0591434296398534	0.979039580069897	0.18398797512054443	0.9827193395723078	1.5284818013509114	0.4444444444444444	36.0
17230	train	7.775769311159475e-05	1.0762925174040792	1.0020784603095583	0.16015800999270546	1.0052816205094124	1.4202179378933377	0.5	36.0
17240	train	7.773279854385255e-05	1.0882892890113354	1.0067594566283387	0.16069941222667694	1.009973444872872	1.5663168827692668	0.4166666666666667	36.0
17250	train	7.770789463151556e-05	1.0008930665085305	0.9220739949043846	0.2062928686539332	0.9261998522774633	1.4938642846213446	0.4444444444444444	36.0
17260	train	7.768298138482084e-05	1.1499172289597845	1.072368841110288	0.12434733596940835	1.0748557878296763	1.5012288226021662	0.4722222222222222	36.0
17270	train	7.765805881400928e-05	0.9956264590304863	0.9208887311731879	0.17863953527477053	0.9244615218786834	1.4232987430360582	0.5	36.0
17280	train	7.76331269293256e-05	1.1061525142005137	1.04336145850298	0.1393421453734239	1.0461483014104485	1.2000842558013067	0.6944444444444444	36.0
17290	train	7.760818574101838e-05	1.098692859609185	1.0261271565416703	0.14363215068976085	1.0289997995554656	1.3938612010743883	0.5	36.0
17300	train	7.758323525934e-05	1.0965752569553444	1.020907399046804	0.15756271531184515	1.024058653353041	1.450332072046068	0.5	36.0
17310	train	7.755827549454663e-05	1.1889479199195176	1.1122377786142232	0.11865406918028991	1.114610859997829	1.4867411984337702	0.5	36.0
17320	train	7.75333064568983e-05	1.1448961057901843	1.069703760694179	0.12795833647251129	1.0722629274236293	1.4526635673311021	0.5555555555555556	36.0
17330	train	7.750832815665886e-05	1.0788893431366904	1.000189751314596	0.15469314654668173	1.0032836142455297	1.512114577823215	0.4444444444444444	36.0
17340	train	7.748334060409592e-05	1.039505432361851	0.9702742377398641	0.16360455254713693	0.9735463287908068	1.3191820714208815	0.5555555555555556	36.0
17350	train	7.745834380948093e-05	1.0155986484313293	0.9404935863538865	0.16923336270782682	0.943878253608043	1.4344078964657254	0.5277777777777778	36.0
17360	train	7.743333778308913e-05	1.1136552008754295	1.036974656856684	0.13554429014523825	1.0396855426595888	1.4793931643168132	0.4166666666666667	36.0
17370	train	7.740832253519953e-05	1.104758598886507	1.0321587660735618	0.15524483058187696	1.0352636626851994	1.3898987240261502	0.5555555555555556	36.0
17380	train	7.738329807609499e-05	0.9944484458405866	0.9003569936791155	0.2270991106828054	0.9048989758927716	1.7909893989562988	0.2777777777777778	36.0
17390	train	7.73582644160621e-05	1.0488661990299948	0.9674957517023014	0.17997648566961288	0.9710952814156937	1.555418352286021	0.3333333333333333	36.0
17400	train	7.733322156539126e-05	1.14194425785772	1.0577020404452944	0.11900908437867959	1.060082222132868	1.6372407144970365	0.3888888888888889	36.0
17410	train	7.730816953437662e-05	1.0377514911853847	0.9601496340496913	0.18166660351885688	0.9637829661200685	1.4793705013063219	0.4722222222222222	36.0
17420	train	7.728310833331614e-05	1.068349492012687	0.9877618991261331	0.15661376218001047	0.9908941743697333	1.5491063528590732	0.4166666666666667	36.0
17430	train	7.725803797251153e-05	1.1080259764946596	1.0258549487680624	0.1618654297457801	1.029092257362978	1.5786743826336331	0.4722222222222222	36.0
17440	train	7.723295846226827e-05	1.04745620917643	0.9696583141522096	0.20172052996026146	0.9736927247514149	1.4752696885002985	0.4166666666666667	36.0
17450	train	7.720786981289561e-05	1.1198142593040745	1.048469376526493	0.12261686380952597	1.0509217138026834	1.3778509100278218	0.5555555555555556	36.0
17460	train	7.718277203470653e-05	1.0188824314719653	0.9310183149953236	0.21330232322216033	0.9352843614597668	1.671961400243971	0.4166666666666667	36.0
17470	train	7.715766513801778e-05	1.0789752881496388	0.9911918081743094	0.16963827709356943	0.9945845737161808	1.6878142886691623	0.4166666666666667	36.0
17480	train	7.713254913314986e-05	1.0973413930068112	1.00767676632354	0.17847464641644842	1.011246259251869	1.721902675098843	0.2777777777777778	36.0
17490	train	7.7107424030427e-05	1.1067728695496937	1.041649170053504	0.15218791315952937	1.0446929283166946	1.2415988246599834	0.5555555555555556	36.0
17500	train	7.708228984017721e-05	1.132690712769472	1.0529948199946617	0.1214029115314285	1.0554228782252904	1.5453566908836365	0.4444444444444444	36.0
17510	train	7.705714657273219e-05	1.15849664002304	1.0771402537125156	0.1344000283214781	1.0798282542789452	1.573367714881897	0.5	36.0
17520	train	7.703199423842736e-05	1.093838578054925	1.0131960404809515	0.14559229049417707	1.016107886290835	1.554613835281796	0.5	36.0
17530	train	7.700683284760193e-05	1.0919040062661967	1.0097268262640635	0.13797766384151247	1.0124863795408938	1.588352534506056	0.4166666666666667	36.0
17540	train	7.69816624105988e-05	1.0802119225813704	1.0055080857358705	0.16817060148432142	1.0088714977655568	1.426808496316274	0.4722222222222222	36.0
17550	train	7.695648293776455e-05	1.1451514733813783	1.069509347870871	0.13472101936737696	1.0722037682582186	1.4589541024631925	0.5277777777777778	36.0
17560	train	7.693129443944956e-05	1.0395253482668736	0.9700390611341403	0.1668261270970106	0.9733755836760805	1.3229952918158636	0.6111111111111112	36.0
17570	train	7.690609692600783e-05	1.1376413126405613	1.0646725777834525	0.12029796292384466	1.0670785370419293	1.4112555119726393	0.5277777777777778	36.0
17580	train	7.688089040779712e-05	1.0687218131332206	0.9888824983893442	0.1506766209171878	0.991896030807688	1.536515646510654	0.4722222222222222	36.0
17590	train	7.685567489517888e-05	1.045057971303987	0.9676768445971882	0.19592208787798882	0.9715952863547479	1.469253698984782	0.5277777777777778	36.0
17600	train	7.683045039851824e-05	1.18999106592709	1.1097571571016396	0.11961826682090759	1.1121495224380578	1.5568308697806463	0.4444444444444444	36.0
17610	train	7.680521692818407e-05	1.0717726294546055	0.9955056509390864	0.15931949019432068	0.9986920407429728	1.4616117742326524	0.5277777777777778	36.0
17620	train	7.677997449454886e-05	1.0945374026338377	1.0331288866970392	0.1515154457754559	1.0361591956125482	1.167564140425788	0.6388888888888888	36.0
17630	train	7.675472310798884e-05	1.0859020146854108	1.0192293401189034	0.14801212896903357	1.022189582698284	1.2742486397425334	0.6111111111111112	36.0
17640	train	7.67294627788839e-05	1.0480105355579243	0.9676755958164983	0.15994420564836925	0.9708744799294657	1.542721112569173	0.4722222222222222	36.0
17650	train	7.67041935176176e-05	1.0859267943600472	1.003651857021748	0.16179258823394777	1.006887708786427	1.5807817114724054	0.3888888888888889	36.0
17660	train	7.667891533457719e-05	1.0233288422633577	0.9473709857539371	0.1956052217218611	0.9512830901883743	1.4409150414996676	0.5277777777777778	36.0
17670	train	7.665362824015357e-05	1.1748370667913763	1.0924107533956608	0.11222492499897878	1.0946552518956405	1.603636297914717	0.4444444444444444	36.0
17680	train	7.662833224474132e-05	1.0267552094844057	0.939748493381216	0.19200582491854826	0.943588609879587	1.6633319920963712	0.3611111111111111	36.0
17690	train	7.660302735873863e-05	1.0955983916130676	1.021852839162649	0.15733661337031257	1.0249995714300553	1.4119764036602445	0.5	36.0
17700	train	7.657771359254743e-05	1.0629076549454768	0.9889602725616004	0.16264687379201254	0.9922132100374406	1.4138888981607225	0.4722222222222222	36.0
17710	train	7.655239095657324e-05	1.0308244742636141	0.968461403335226	0.17643633898761538	0.9719901301149784	1.1766868829727173	0.6388888888888888	36.0
17720	train	7.65270594612252e-05	1.0852679881502505	1.0163604809599767	0.16199646372761992	1.019600410234529	1.3133515583144293	0.5	36.0
17730	train	7.650171911691621e-05	1.0373712696155302	0.9624970008618691	0.20458104461431503	0.9665886217541554	1.415652957227495	0.5277777777777778	36.0
17740	train	7.647636993406265e-05	1.1074287216543406	1.0294605330125406	0.12321408515175183	1.0319248147155757	1.5100781387752957	0.4166666666666667	36.0
17750	train	7.645101192308465e-05	1.061235960761012	0.9779597884889787	0.16655927523970604	0.9812909739937729	1.598899735344781	0.5	36.0
17760	train	7.642564509440591e-05	1.0130271139221834	0.9256645793859275	0.19651777545611063	0.9295949348950497	1.6686435805426703	0.3888888888888889	36.0
17770	train	7.640026945845381e-05	1.0517890404375791	0.9876743631938166	0.16170574559105766	0.9909084781056378	1.2176112466388278	0.6111111111111112	36.0
17780	train	7.63748850256593e-05	1.0379617813098196	0.9735132613315612	0.1712940682967504	0.9769391426974963	1.2204527722464666	0.6111111111111112	36.0
17790	train	7.634949180645695e-05	1.1192758410576098	1.037064822621125	0.1459005226691564	1.039982833074508	1.5858601596620348	0.4166666666666667	36.0
17800	train	7.632408981128494e-05	1.0960647722866514	1.0187268419682693	0.14522761354843775	1.021631394239238	1.488667560948266	0.5	36.0
17810	train	7.629867905058511e-05	1.0789777617120926	1.0055401031372466	0.15040377577145894	1.0085481786526758	1.4085916611883376	0.5277777777777778	36.0
17820	train	7.627325953480282e-05	1.0628371493539057	0.9977636419687843	0.16972361455361049	1.0011581142598565	1.2335807018809848	0.5277777777777778	36.0
17830	train	7.624783127438714e-05	1.1060535955837063	1.0428458947020132	0.13571601940525901	1.0455602150901184	1.2098676098717585	0.5833333333333334	36.0
17840	train	7.62223942797906e-05	1.0491536329989977	0.9758482061878192	0.18073001379768053	0.9794628064637728	1.3938165307044983	0.5555555555555556	36.0
17850	train	7.619694856146939e-05	1.1186654504879612	1.0455116945913399	0.1253837595383326	1.0480193697821065	1.4129216141170926	0.5	36.0
17860	train	7.617149412988333e-05	1.060496860493218	0.9887945290893266	0.15750908686055076	0.9919447108265377	1.3710429933336046	0.5833333333333334	36.0
17870	train	7.614603099549575e-05	1.1137317100690127	1.0345290859599563	0.12933330138524374	1.0371157519876613	1.5323191616270277	0.4444444444444444	36.0
17880	train	7.612055916877358e-05	1.0229920552930067	0.9480322637585299	0.21726277967294058	0.9523775193519887	1.41229071882036	0.4722222222222222	36.0
17890	train	7.609507866018733e-05	1.0759842653489038	0.995122604146526	0.15105005933178794	0.9981436053331617	1.5568132003148396	0.3888888888888889	36.0
17900	train	7.606958948021107e-05	1.0903645775094775	1.020599828528048	0.13781286465624967	1.023356085821173	1.3401698337660894	0.5833333333333334	36.0
17910	train	7.604409163932245e-05	1.0550651243501086	0.9805843960583057	0.19259272267421088	0.98443625051179	1.4125774767663744	0.4722222222222222	36.0
17920	train	7.601858514800265e-05	1.0674390702207326	0.9975171294536298	0.1611271932721138	1.000739673319072	1.3339879380332098	0.4722222222222222	36.0
17930	train	7.599307001673644e-05	1.0130356145570687	0.9260093071199138	0.23628314932187397	0.9307349701063513	1.64601288901435	0.3888888888888889	36.0
17940	train	7.596754625601212e-05	1.177149573576904	1.102336669952462	0.10340551311771075	1.1044047802148163	1.4548958672417536	0.4444444444444444	36.0
17950	train	7.594201387632156e-05	1.117056911044268	1.044169761957425	0.14207018570353588	1.0470111656714958	1.4009149074554443	0.6111111111111112	36.0
17960	train	7.591647288816013e-05	1.0132902599077482	0.9346651520895685	0.19351917902628582	0.9385355356700942	1.495094484753079	0.4722222222222222	36.0
17970	train	7.58909233020268e-05	1.0397759546986705	0.958186555234242	0.15029890773197016	0.9611925333888814	1.5716684261957805	0.3888888888888889	36.0
17980	train	7.5865365128424e-05	1.1174046819848096	1.0337161846898273	0.14248399684826532	1.0365658646267926	1.6167763471603394	0.3333333333333333	36.0
17990	train	7.583979837785775e-05	1.0231789439883432	0.9416746994256909	0.17417213767766954	0.9451581421792443	1.5604160361819797	0.4444444444444444	36.0
18000	train	7.58142230608376e-05	1.1540885375136998	1.0864714227148096	0.1273350790143013	1.0890181242950956	1.301408264372084	0.6111111111111112	36.0
18000	val		1.1120431996601028	1.03253038656999	0.1661951502512895	1.0358542895750158	1.5237782017017405	0.4322916666666667	192.0
18010	train	7.578863918787655e-05	1.0504378044620577	0.979717729987246	0.182797705133756	0.9833736840899212	1.3412824074427288	0.5555555555555556	36.0
18020	train	7.576304676949118e-05	1.0862603900301573	1.0164812308021502	0.14418209261364406	1.019364872654423	1.3379103475146823	0.5555555555555556	36.0
18030	train	7.573744581620158e-05	1.0891921949952625	1.0045203555858582	0.1557867725690206	1.0076360910372386	1.6311220791604784	0.3888888888888889	36.0
18040	train	7.571183633853133e-05	1.0729227593133759	0.990938716506618	0.16572079807519913	0.994253132468122	1.5733925369050767	0.4166666666666667	36.0
18050	train	7.568621834700753e-05	1.105251452399309	1.026618926432082	0.1295779330862893	1.0292104850938077	1.5208193461100261	0.4444444444444444	36.0
18060	train	7.566059185216074e-05	1.0619834549900196	0.9821709178596373	0.1667132889231046	0.9855051836380994	1.5295654270384047	0.4444444444444444	36.0
18070	train	7.563495686452505e-05	1.0644089584075256	0.9907926007796836	0.16655021160840988	0.9941236050118517	1.4057070679134793	0.5	36.0
18080	train	7.560931339463804e-05	1.051342019527959	0.9763310023482216	0.17463099242498478	0.9798236221967213	1.4303679466247559	0.5	36.0
18090	train	7.558366145304079e-05	1.0263403013179067	0.9592125365663929	0.18743785868088406	0.9629612937400106	1.2675801515579224	0.5555555555555556	36.0
18100	train	7.555800105027782e-05	1.0011855046546223	0.9262681033309064	0.19430220706595314	0.9301541474722255	1.4206271436479356	0.4722222222222222	36.0
18110	train	7.553233219689717e-05	1.1391755469336793	1.0713526459480012	0.11669181659817696	1.0736864822799648	1.30978129307429	0.5	36.0
18120	train	7.550665490345032e-05	1.0723315988162883	1.008016100460926	0.15201501465506023	1.0110564007540273	1.225503961245219	0.6111111111111112	36.0
18130	train	7.548096918049226e-05	1.1260485544062389	1.0623563553714157	0.13913981666167577	1.0651391517046491	1.218188054031796	0.6111111111111112	36.0
18140	train	7.545527503858139e-05	1.077170250532396	0.9952954424055424	0.1801527434339126	0.9988984972742206	1.5654350651635065	0.3888888888888889	36.0
18150	train	7.542957248827961e-05	1.0117696328439665	0.9293584471257215	0.1560638588335779	0.932479724302393	1.5857981708314683	0.4722222222222222	36.0
18160	train	7.540386154015229e-05	1.1240402523023858	1.0623661828092046	0.12468767476578553	1.0648599363045204	1.1836063199573092	0.6388888888888888	36.0
18170	train	7.537814220476819e-05	1.06802025175436	0.9898544198615055	0.16551638953387737	0.993164747652183	1.497110082043542	0.3888888888888889	36.0
18180	train	7.53524144926996e-05	1.0471519881405735	0.9759061472450665	0.21021218970417976	0.9801103910391501	1.3408319420284696	0.5277777777777778	36.0
18190	train	7.532667841452217e-05	1.1377366243131888	1.059457022400243	0.12519863154739141	1.061960995031191	1.5155125856399536	0.5555555555555556	36.0
18200	train	7.530093398081505e-05	1.144549032261758	1.0738503905078989	0.12551650487714344	1.0763607206054417	1.3637662331263225	0.5833333333333334	36.0
18210	train	7.527518120216082e-05	0.9698108809337366	0.9014684534424227	0.19430634441475073	0.9053545803307177	1.2891260120603774	0.5833333333333334	36.0
18220	train	7.524942008914546e-05	1.0858687838306382	1.0050696550697442	0.17584645830922657	1.0085865842359287	1.5456439918941922	0.4722222222222222	36.0
18230	train	7.522365065235837e-05	1.0538632683464433	0.9748396679767515	0.18318928364250395	0.9785034536496016	1.5071962939368353	0.4166666666666667	36.0
18240	train	7.519787290239244e-05	1.073848473682309	0.9965427917822913	0.15474563154081503	0.9996377044131076	1.4842153853840299	0.4722222222222222	36.0
18250	train	7.517208684984386e-05	1.0925366492052544	1.0174313085390134	0.15753431717554728	1.0205819948825243	1.4390930864546034	0.5	36.0
18260	train	7.514629250531237e-05	1.0174054820838863	0.9463169456293146	0.1871632804473241	0.950060211238261	1.3469054169125028	0.6111111111111112	36.0
18270	train	7.512048987940103e-05	1.073439463131134	1.0010696545102573	0.14044255018234253	1.0038785055139041	1.3912191523445978	0.5833333333333334	36.0
18280	train	7.509467898271629e-05	1.0418173370028088	0.9771406668687412	0.1596637186076906	0.980333941240895	1.2296679152382746	0.5555555555555556	36.0
18290	train	7.506885982586808e-05	1.044627992146793	0.9655587626854218	0.17395179292985372	0.969037798544019	1.5118038720554776	0.5	36.0
18300	train	7.504303241946966e-05	1.1086738315894522	1.0216234742278176	0.15802960760063595	1.0247840663798304	1.6777953041924372	0.4722222222222222	36.0
18310	train	7.50171967741377e-05	1.065020953096401	0.9792486822513585	0.16228100756804148	0.9824943024027194	1.65053301387363	0.3611111111111111	36.0
18320	train	7.499135290049228e-05	1.1126052497469092	1.0382175423247322	0.17048627684513729	1.041627267861635	1.419559637705485	0.5555555555555556	36.0
18330	train	7.496550080915681e-05	1.1001716321890591	1.0233694829296773	0.16764176438252132	1.0267223182173277	1.468986279434628	0.5277777777777778	36.0
18340	train	7.493964051075812e-05	1.061505621880887	0.9845176514691093	0.1559694876273473	0.9876370412216563	1.477371613184611	0.4444444444444444	36.0
18350	train	7.491377201592639e-05	1.124103485474446	1.0524153338499782	0.1490341756078932	1.0553960173621362	1.3741493622461955	0.5	36.0
18360	train	7.488789533529522e-05	1.045064869798399	0.9804226793991297	0.16255937330424786	0.9836738668652147	1.227820058663686	0.5833333333333334	36.0
18370	train	7.486201047950148e-05	1.0386049562768902	0.9597682051933573	0.18085808058579764	0.9633853668050733	1.5043917894363403	0.4722222222222222	36.0
18380	train	7.48361174591855e-05	1.045229001309007	0.9660479936323526	0.17688011791970995	0.9695855959907468	1.5128681063652039	0.4444444444444444	36.0
18390	train	7.481021628499092e-05	1.0926141080894598	1.0122964606786962	0.16091966728369395	1.0155148540243701	1.541985081301795	0.5555555555555556	36.0
18400	train	7.47843069675647e-05	0.9823745545746755	0.9004309385420751	0.1909856379032135	0.9042506513001394	1.5624780654907227	0.4166666666666667	36.0
18410	train	7.475838951755721e-05	1.1616883917325067	1.0914085993177354	0.0929991967148251	1.093268583252032	1.3683961696094937	0.5	36.0
18420	train	7.473246394562213e-05	1.081079125201174	0.9917450070667284	0.1853667911556032	0.9954523428898405	1.712535646226671	0.4444444444444444	36.0
18430	train	7.47065302624165e-05	1.1349303147665273	1.056996416827534	0.12070220543278588	1.0594104609361898	1.5103970766067505	0.4444444444444444	36.0
18440	train	7.468058847860063e-05	1.0874249560909643	1.023141101738861	0.15605960885683695	1.0262622939159978	1.223253243499332	0.6944444444444444	36.0
18450	train	7.465463860483825e-05	0.9608885191282938	0.8749257721372422	0.2334367791811625	0.8795945077208654	1.6258802281485663	0.3611111111111111	36.0
18460	train	7.462868065179636e-05	1.1305889252264762	1.064604242871814	0.15403736531734466	1.067684990178161	1.2580787009663053	0.6944444444444444	36.0
18470	train	7.46027146301453e-05	0.9747977159317184	0.8959334546787059	0.2073696459333102	0.9000808475973721	1.4943373666869268	0.4166666666666667	36.0
18480	train	7.457674055055871e-05	1.0312767436842516	0.9574345187419383	0.18289788564046225	0.9610924764547475	1.4036853445900812	0.4166666666666667	36.0
18490	train	7.455075842371356e-05	1.0953086658309137	1.023159968755997	0.13512203246355056	1.025862409405268	1.3889251285129123	0.5555555555555556	36.0
18500	train	7.452476826029012e-05	1.1130381420845719	1.0308577421103846	0.13792749643325805	1.0336162920390497	1.5884370009104412	0.4444444444444444	36.0
18510	train	7.449877007097196e-05	1.0793559270919921	1.0035901996564431	0.14611859164304203	1.006512571489304	1.4568671120537653	0.5	36.0
18520	train	7.447276386644595e-05	1.0657044660127841	1.0001905311554686	0.16230504545900556	1.0034366320646488	1.2453566789627075	0.6388888888888888	36.0
18530	train	7.444674965740227e-05	1.085242442727037	1.014593495650372	0.1441591837339931	1.0174766793250518	1.3553152680397034	0.5555555555555556	36.0
18540	train	7.442072745453439e-05	1.0907999881721455	1.0210563653492515	0.17075555937157738	1.0244714765366831	1.3265702327092488	0.5833333333333334	36.0
18550	train	7.439469726853903e-05	1.1077601564450394	1.0479129268351526	0.11924631347258886	1.0502978531046043	1.1492460668087006	0.6666666666666666	36.0
18560	train	7.436865911011622e-05	1.1090736982076876	1.0320552604413211	0.13803475350141525	1.0348159555113494	1.4851548539267645	0.4444444444444444	36.0
18570	train	7.434261298996925e-05	1.1504080849273883	1.0756436603256117	0.12050840786347787	1.0780538284828811	1.4470851288901434	0.4444444444444444	36.0
18580	train	7.431655891880474e-05	0.9774884855821857	0.9095720727319647	0.1885821438497967	0.9133437156089607	1.2828953994645014	0.5833333333333334	36.0
18590	train	7.42904969073325e-05	1.1000787468355842	1.01006508199476	0.15034860434631506	1.0130720540816864	1.7401338550779555	0.3888888888888889	36.0
18600	train	7.426442696626565e-05	1.0482436528870593	0.9750745186112785	0.1646983896692594	0.9783684864046637	1.397503329647912	0.5833333333333334	36.0
18610	train	7.423834910632056e-05	1.0424861274138284	0.9690921757215499	0.16035344061397372	0.9722992445338294	1.403737657599979	0.5277777777777778	36.0
18620	train	7.421226333821683e-05	1.056530091081881	0.9846665993678801	0.15327589611212414	0.9877321172901227	1.3759594758351643	0.5555555555555556	36.0
18630	train	7.418616967267737e-05	1.067725120019659	0.9987145478966282	0.14551850594580173	1.001624918015544	1.3220040400822957	0.5277777777777778	36.0
18640	train	7.416006812042828e-05	1.0660695010733712	0.9940125727499962	0.16505779723326366	0.9973137286946615	1.3751154475741916	0.4722222222222222	36.0
18650	train	7.413395869219891e-05	1.1193054698178322	1.0304416071808158	0.15505441774924597	1.0335426955358007	1.7152554856406317	0.3888888888888889	36.0
18660	train	7.41078413987219e-05	1.0815545332049972	1.007975784545042	0.16239036569992701	1.0112235918590406	1.4066188269191318	0.5277777777777778	36.0
18670	train	7.408171625073302e-05	1.096907410390657	1.0045522046552584	0.1706686013688644	1.0079655766826356	1.7788366741604276	0.3611111111111111	36.0
18680	train	7.40555832589714e-05	1.0950703461556854	1.014023864625814	0.15365515814887154	1.0170969677887913	1.559467567337884	0.3888888888888889	36.0
18690	train	7.402944243417929e-05	1.1201144990391165	1.052185161041713	0.13245323859155178	1.0548342258135441	1.3056054645114474	0.5833333333333334	36.0
18700	train	7.40032937871022e-05	1.075101167776589	1.015566416583198	0.13310676564772925	1.0182285518961525	1.1374523176087274	0.6388888888888888	36.0
18710	train	7.397713732848884e-05	1.0406001830983826	0.9485547074002029	0.18134877036015193	0.9521816828074059	1.7683700058195326	0.4444444444444444	36.0
18720	train	7.395097306909116e-05	1.1578825608812293	1.0942965003895282	0.1164455854644378	1.096625412098817	1.2251429756482441	0.5833333333333334	36.0
18730	train	7.39248010196643e-05	1.0020213119926267	0.9278893886449151	0.19878985633452734	0.9318651857716056	1.4031225244204204	0.5555555555555556	36.0
18740	train	7.389862119096659e-05	1.1263328946916509	1.0516213739866926	0.13244802256425223	1.0542703344379778	1.4412512050734625	0.5277777777777778	36.0
18750	train	7.387243359375956e-05	1.021178043907708	0.9538470356422922	0.1823879356185595	0.9574947943546634	1.2736649910608928	0.6111111111111112	36.0
18760	train	7.384623823880796e-05	1.1030457868082482	1.030580610035508	0.1373637579381466	1.0333278851942709	1.3943580322795444	0.5555555555555556	36.0
18770	train	7.38200351368797e-05	1.0133594140647897	0.9484328674183006	0.1909385042058097	0.9522516375024168	1.2221555312474568	0.5277777777777778	36.0
18780	train	7.37938242987459e-05	1.0514043199441343	0.9772499740376913	0.15525715467002657	0.9803551171310918	1.4209840562608507	0.5	36.0
18790	train	7.376760573518083e-05	1.0176079888543705	0.9520935365558882	0.17702882687250773	0.9556341130933383	1.239477515220642	0.5555555555555556	36.0
